non_poi_variant,removed_non_poi,poi_feature_count,poi_features,features,feature_list,mae,r2,elapsed_seconds
no_humidity,humidity,3,poi_lifestyle_services_count|poi_lifestyle_ratio|poi_business_residential_ratio,16,station_id|weekday|hour|is_holiday|temperature|rain|charge_count|s_price|e_price|station_avg_occupancy|station_avg_duration|is_morning_peak|is_evening_peak|poi_lifestyle_services_count|poi_lifestyle_ratio|poi_business_residential_ratio,0.12785950776786276,0.5143279875821964,4.630174000001716
no_humidity,humidity,3,poi_business_residential_count|poi_lifestyle_ratio|poi_business_residential_ratio,16,station_id|weekday|hour|is_holiday|temperature|rain|charge_count|s_price|e_price|station_avg_occupancy|station_avg_duration|is_morning_peak|is_evening_peak|poi_business_residential_count|poi_lifestyle_ratio|poi_business_residential_ratio,0.12787969790771098,0.5140431608404934,4.424625100000412
no_humidity,humidity,3,poi_lifestyle_services_count|poi_business_residential_count|poi_lifestyle_ratio,16,station_id|weekday|hour|is_holiday|temperature|rain|charge_count|s_price|e_price|station_avg_occupancy|station_avg_duration|is_morning_peak|is_evening_peak|poi_lifestyle_services_count|poi_business_residential_count|poi_lifestyle_ratio,0.12800216759226618,0.5138298598631778,4.611974800001917
no_humidity,humidity,3,poi_total_count|poi_business_residential_count|poi_business_residential_ratio,16,station_id|weekday|hour|is_holiday|temperature|rain|charge_count|s_price|e_price|station_avg_occupancy|station_avg_duration|is_morning_peak|is_evening_peak|poi_total_count|poi_business_residential_count|poi_business_residential_ratio,0.12796341609689746,0.5138192783933879,5.174823600002128
no_humidity,humidity,2,poi_lifestyle_services_count|poi_business_residential_ratio,15,station_id|weekday|hour|is_holiday|temperature|rain|charge_count|s_price|e_price|station_avg_occupancy|station_avg_duration|is_morning_peak|is_evening_peak|poi_lifestyle_services_count|poi_business_residential_ratio,0.1280230443348575,0.5137844931209035,4.861487799997121
no_humidity_evening_peak,humidity|is_evening_peak,3,poi_total_count|poi_lifestyle_services_count|poi_business_residential_ratio,15,station_id|weekday|hour|is_holiday|temperature|rain|charge_count|s_price|e_price|station_avg_occupancy|station_avg_duration|is_morning_peak|poi_total_count|poi_lifestyle_services_count|poi_business_residential_ratio,0.12803010987105645,0.5137747001866136,4.935119300000224
no_humidity_evening_peak,humidity|is_evening_peak,3,poi_business_residential_count|poi_lifestyle_ratio|poi_food_beverage_ratio,15,station_id|weekday|hour|is_holiday|temperature|rain|charge_count|s_price|e_price|station_avg_occupancy|station_avg_duration|is_morning_peak|poi_business_residential_count|poi_lifestyle_ratio|poi_food_beverage_ratio,0.12802277238942045,0.5137541486942268,4.369150899998203
no_humidity_evening_peak,humidity|is_evening_peak,3,poi_total_count|poi_business_residential_count|poi_lifestyle_ratio,15,station_id|weekday|hour|is_holiday|temperature|rain|charge_count|s_price|e_price|station_avg_occupancy|station_avg_duration|is_morning_peak|poi_total_count|poi_business_residential_count|poi_lifestyle_ratio,0.12802195949564568,0.5135916086061436,5.352371699998912
no_humidity_evening_peak,humidity|is_evening_peak,3,poi_lifestyle_services_count|poi_business_residential_count|poi_business_residential_ratio,15,station_id|weekday|hour|is_holiday|temperature|rain|charge_count|s_price|e_price|station_avg_occupancy|station_avg_duration|is_morning_peak|poi_lifestyle_services_count|poi_business_residential_count|poi_business_residential_ratio,0.1280263479910553,0.5135747927962498,7.5527082000007795
no_humidity_evening_peak,humidity|is_evening_peak,3,poi_total_count|poi_lifestyle_ratio|poi_business_residential_ratio,15,station_id|weekday|hour|is_holiday|temperature|rain|charge_count|s_price|e_price|station_avg_occupancy|station_avg_duration|is_morning_peak|poi_total_count|poi_lifestyle_ratio|poi_business_residential_ratio,0.1280088115873344,0.5135676298315809,6.157558800001425
no_humidity,humidity,3,poi_total_count|poi_lifestyle_services_count|poi_business_residential_count,16,station_id|weekday|hour|is_holiday|temperature|rain|charge_count|s_price|e_price|station_avg_occupancy|station_avg_duration|is_morning_peak|is_evening_peak|poi_total_count|poi_lifestyle_services_count|poi_business_residential_count,0.12808330576581448,0.5135255398246562,5.072215299998788
no_humidity_evening_peak,humidity|is_evening_peak,3,poi_total_count|poi_food_beverage_count|poi_lifestyle_ratio,15,station_id|weekday|hour|is_holiday|temperature|rain|charge_count|s_price|e_price|station_avg_occupancy|station_avg_duration|is_morning_peak|poi_total_count|poi_food_beverage_count|poi_lifestyle_ratio,0.12809495299507068,0.5134019574602013,5.360718600000837
no_humidity,humidity,3,poi_business_residential_count|poi_lifestyle_ratio|poi_food_beverage_ratio,16,station_id|weekday|hour|is_holiday|temperature|rain|charge_count|s_price|e_price|station_avg_occupancy|station_avg_duration|is_morning_peak|is_evening_peak|poi_business_residential_count|poi_lifestyle_ratio|poi_food_beverage_ratio,0.12807015380083134,0.5133412476380073,4.783755300002667
no_humidity_evening_peak,humidity|is_evening_peak,3,poi_lifestyle_services_count|poi_lifestyle_ratio|poi_business_residential_ratio,15,station_id|weekday|hour|is_holiday|temperature|rain|charge_count|s_price|e_price|station_avg_occupancy|station_avg_duration|is_morning_peak|poi_lifestyle_services_count|poi_lifestyle_ratio|poi_business_residential_ratio,0.12808622043267268,0.5132104582389334,4.446685699997033
no_humidity_evening_peak,humidity|is_evening_peak,3,poi_total_count|poi_business_residential_ratio|poi_food_beverage_ratio,15,station_id|weekday|hour|is_holiday|temperature|rain|charge_count|s_price|e_price|station_avg_occupancy|station_avg_duration|is_morning_peak|poi_total_count|poi_business_residential_ratio|poi_food_beverage_ratio,0.12818320639764627,0.5131893967362808,4.551235499999166
no_humidity_evening_peak,humidity|is_evening_peak,3,poi_business_residential_count|poi_business_residential_ratio|poi_food_beverage_ratio,15,station_id|weekday|hour|is_holiday|temperature|rain|charge_count|s_price|e_price|station_avg_occupancy|station_avg_duration|is_morning_peak|poi_business_residential_count|poi_business_residential_ratio|poi_food_beverage_ratio,0.1280786577893684,0.5131764944305266,4.279344700000365
no_humidity_evening_peak,humidity|is_evening_peak,3,poi_total_count|poi_lifestyle_ratio|poi_food_beverage_ratio,15,station_id|weekday|hour|is_holiday|temperature|rain|charge_count|s_price|e_price|station_avg_occupancy|station_avg_duration|is_morning_peak|poi_total_count|poi_lifestyle_ratio|poi_food_beverage_ratio,0.12812862517844212,0.5131565644736525,5.1137610000005225
no_humidity,humidity,3,poi_total_count|poi_business_residential_count|poi_food_beverage_ratio,16,station_id|weekday|hour|is_holiday|temperature|rain|charge_count|s_price|e_price|station_avg_occupancy|station_avg_duration|is_morning_peak|is_evening_peak|poi_total_count|poi_business_residential_count|poi_food_beverage_ratio,0.12815210640912797,0.5129940521116563,4.903711000002659
no_humidity,humidity,3,poi_total_count|poi_lifestyle_ratio|poi_business_residential_ratio,16,station_id|weekday|hour|is_holiday|temperature|rain|charge_count|s_price|e_price|station_avg_occupancy|station_avg_duration|is_morning_peak|is_evening_peak|poi_total_count|poi_lifestyle_ratio|poi_business_residential_ratio,0.12801947918009107,0.5129885340162018,4.289153499998065
no_humidity,humidity,3,poi_lifestyle_services_count|poi_food_beverage_count|poi_business_residential_ratio,16,station_id|weekday|hour|is_holiday|temperature|rain|charge_count|s_price|e_price|station_avg_occupancy|station_avg_duration|is_morning_peak|is_evening_peak|poi_lifestyle_services_count|poi_food_beverage_count|poi_business_residential_ratio,0.12806812450673397,0.5129869725389362,4.86898199999996
no_humidity,humidity,3,poi_total_count|poi_food_beverage_count|poi_business_residential_ratio,16,station_id|weekday|hour|is_holiday|temperature|rain|charge_count|s_price|e_price|station_avg_occupancy|station_avg_duration|is_morning_peak|is_evening_peak|poi_total_count|poi_food_beverage_count|poi_business_residential_ratio,0.12817886653352928,0.5129310074037196,4.944032999999763
no_humidity,humidity,3,poi_lifestyle_services_count|poi_business_residential_count|poi_business_residential_ratio,16,station_id|weekday|hour|is_holiday|temperature|rain|charge_count|s_price|e_price|station_avg_occupancy|station_avg_duration|is_morning_peak|is_evening_peak|poi_lifestyle_services_count|poi_business_residential_count|poi_business_residential_ratio,0.12808087146142977,0.5128986156563405,5.11187549999886
no_humidity,humidity,3,poi_lifestyle_services_count|poi_lifestyle_ratio|poi_food_beverage_ratio,16,station_id|weekday|hour|is_holiday|temperature|rain|charge_count|s_price|e_price|station_avg_occupancy|station_avg_duration|is_morning_peak|is_evening_peak|poi_lifestyle_services_count|poi_lifestyle_ratio|poi_food_beverage_ratio,0.12818076649726015,0.5128948102549231,4.889107800001511
no_humidity_evening_peak,humidity|is_evening_peak,3,poi_lifestyle_services_count|poi_food_beverage_count|poi_lifestyle_ratio,15,station_id|weekday|hour|is_holiday|temperature|rain|charge_count|s_price|e_price|station_avg_occupancy|station_avg_duration|is_morning_peak|poi_lifestyle_services_count|poi_food_beverage_count|poi_lifestyle_ratio,0.12810618158356646,0.5128417621650259,4.96656449999864
no_humidity,humidity,3,poi_business_residential_count|poi_business_residential_ratio|poi_food_beverage_ratio,16,station_id|weekday|hour|is_holiday|temperature|rain|charge_count|s_price|e_price|station_avg_occupancy|station_avg_duration|is_morning_peak|is_evening_peak|poi_business_residential_count|poi_business_residential_ratio|poi_food_beverage_ratio,0.1281371114602521,0.5127551206263397,5.099568899997394
no_humidity,humidity,3,poi_food_beverage_count|poi_lifestyle_ratio|poi_business_residential_ratio,16,station_id|weekday|hour|is_holiday|temperature|rain|charge_count|s_price|e_price|station_avg_occupancy|station_avg_duration|is_morning_peak|is_evening_peak|poi_food_beverage_count|poi_lifestyle_ratio|poi_business_residential_ratio,0.12804983494644853,0.5127543327076296,4.505935799999861
no_humidity_evening_peak,humidity|is_evening_peak,3,poi_total_count|poi_lifestyle_services_count|poi_business_residential_count,15,station_id|weekday|hour|is_holiday|temperature|rain|charge_count|s_price|e_price|station_avg_occupancy|station_avg_duration|is_morning_peak|poi_total_count|poi_lifestyle_services_count|poi_business_residential_count,0.12821159198858412,0.5127354271398326,4.935562300001038
no_humidity_evening_peak,humidity|is_evening_peak,3,poi_business_residential_count|poi_food_beverage_count|poi_business_residential_ratio,15,station_id|weekday|hour|is_holiday|temperature|rain|charge_count|s_price|e_price|station_avg_occupancy|station_avg_duration|is_morning_peak|poi_business_residential_count|poi_food_beverage_count|poi_business_residential_ratio,0.12814701993299854,0.5127341112502126,4.213573900000483
no_humidity,humidity,3,poi_total_count|poi_business_residential_count|poi_food_beverage_count,16,station_id|weekday|hour|is_holiday|temperature|rain|charge_count|s_price|e_price|station_avg_occupancy|station_avg_duration|is_morning_peak|is_evening_peak|poi_total_count|poi_business_residential_count|poi_food_beverage_count,0.12823930295997366,0.512681985937758,5.043906499999139
no_humidity_evening_peak,humidity|is_evening_peak,3,poi_food_beverage_count|poi_lifestyle_ratio|poi_business_residential_ratio,15,station_id|weekday|hour|is_holiday|temperature|rain|charge_count|s_price|e_price|station_avg_occupancy|station_avg_duration|is_morning_peak|poi_food_beverage_count|poi_lifestyle_ratio|poi_business_residential_ratio,0.1281531975367884,0.5126742733985215,4.328983400002471
no_humidity,humidity,3,poi_total_count|poi_lifestyle_services_count|poi_business_residential_ratio,16,station_id|weekday|hour|is_holiday|temperature|rain|charge_count|s_price|e_price|station_avg_occupancy|station_avg_duration|is_morning_peak|is_evening_peak|poi_total_count|poi_lifestyle_services_count|poi_business_residential_ratio,0.12820851776334227,0.5126400167560277,5.1825017999981355
no_humidity,humidity,3,poi_total_count|poi_business_residential_ratio|poi_food_beverage_ratio,16,station_id|weekday|hour|is_holiday|temperature|rain|charge_count|s_price|e_price|station_avg_occupancy|station_avg_duration|is_morning_peak|is_evening_peak|poi_total_count|poi_business_residential_ratio|poi_food_beverage_ratio,0.1282200105052393,0.5126320393603384,4.907538499999646
no_humidity,humidity,3,poi_business_residential_count|poi_food_beverage_count|poi_lifestyle_ratio,16,station_id|weekday|hour|is_holiday|temperature|rain|charge_count|s_price|e_price|station_avg_occupancy|station_avg_duration|is_morning_peak|is_evening_peak|poi_business_residential_count|poi_food_beverage_count|poi_lifestyle_ratio,0.12814421964972236,0.5126307987312362,4.688324000002467
no_humidity,humidity,3,poi_lifestyle_services_count|poi_business_residential_ratio|poi_food_beverage_ratio,16,station_id|weekday|hour|is_holiday|temperature|rain|charge_count|s_price|e_price|station_avg_occupancy|station_avg_duration|is_morning_peak|is_evening_peak|poi_lifestyle_services_count|poi_business_residential_ratio|poi_food_beverage_ratio,0.12819906477884163,0.5125934030518677,4.643066600001475
no_humidity,humidity,2,poi_total_count|poi_business_residential_count,15,station_id|weekday|hour|is_holiday|temperature|rain|charge_count|s_price|e_price|station_avg_occupancy|station_avg_duration|is_morning_peak|is_evening_peak|poi_total_count|poi_business_residential_count,0.1282888327186321,0.5125886288676766,5.014237100000173
no_humidity,humidity,2,poi_business_residential_count|poi_business_residential_ratio,15,station_id|weekday|hour|is_holiday|temperature|rain|charge_count|s_price|e_price|station_avg_occupancy|station_avg_duration|is_morning_peak|is_evening_peak|poi_business_residential_count|poi_business_residential_ratio,0.12813136892125587,0.5125868136510646,5.218625299999985
no_humidity,humidity,2,poi_food_beverage_count|poi_business_residential_ratio,15,station_id|weekday|hour|is_holiday|temperature|rain|charge_count|s_price|e_price|station_avg_occupancy|station_avg_duration|is_morning_peak|is_evening_peak|poi_food_beverage_count|poi_business_residential_ratio,0.12817939781216234,0.5125633352498835,5.090169099999912
no_humidity_evening_peak,humidity|is_evening_peak,3,poi_total_count|poi_food_beverage_count|poi_business_residential_ratio,15,station_id|weekday|hour|is_holiday|temperature|rain|charge_count|s_price|e_price|station_avg_occupancy|station_avg_duration|is_morning_peak|poi_total_count|poi_food_beverage_count|poi_business_residential_ratio,0.12817199345524666,0.5125489948186659,5.794730899997376
no_humidity,humidity,2,poi_lifestyle_services_count|poi_lifestyle_ratio,15,station_id|weekday|hour|is_holiday|temperature|rain|charge_count|s_price|e_price|station_avg_occupancy|station_avg_duration|is_morning_peak|is_evening_peak|poi_lifestyle_services_count|poi_lifestyle_ratio,0.12822532541319315,0.5125105680652136,5.144758400001592
no_humidity_evening_peak,humidity|is_evening_peak,3,poi_lifestyle_services_count|poi_lifestyle_ratio|poi_food_beverage_ratio,15,station_id|weekday|hour|is_holiday|temperature|rain|charge_count|s_price|e_price|station_avg_occupancy|station_avg_duration|is_morning_peak|poi_lifestyle_services_count|poi_lifestyle_ratio|poi_food_beverage_ratio,0.12821005414142028,0.5124136002151737,4.8867907999992894
no_humidity,humidity,3,poi_lifestyle_services_count|poi_business_residential_count|poi_food_beverage_ratio,16,station_id|weekday|hour|is_holiday|temperature|rain|charge_count|s_price|e_price|station_avg_occupancy|station_avg_duration|is_morning_peak|is_evening_peak|poi_lifestyle_services_count|poi_business_residential_count|poi_food_beverage_ratio,0.12828964325628459,0.5124125807028571,4.4160559000010835
no_humidity_evening_peak,humidity|is_evening_peak,3,poi_lifestyle_ratio|poi_business_residential_ratio|poi_food_beverage_ratio,15,station_id|weekday|hour|is_holiday|temperature|rain|charge_count|s_price|e_price|station_avg_occupancy|station_avg_duration|is_morning_peak|poi_lifestyle_ratio|poi_business_residential_ratio|poi_food_beverage_ratio,0.1282237754238045,0.512380402134104,4.514079100001254
no_humidity,humidity,3,poi_total_count|poi_lifestyle_ratio|poi_food_beverage_ratio,16,station_id|weekday|hour|is_holiday|temperature|rain|charge_count|s_price|e_price|station_avg_occupancy|station_avg_duration|is_morning_peak|is_evening_peak|poi_total_count|poi_lifestyle_ratio|poi_food_beverage_ratio,0.12825720981610358,0.5123776292016264,4.838603500000318
no_humidity_evening_peak,humidity|is_evening_peak,3,poi_lifestyle_services_count|poi_food_beverage_count|poi_business_residential_ratio,15,station_id|weekday|hour|is_holiday|temperature|rain|charge_count|s_price|e_price|station_avg_occupancy|station_avg_duration|is_morning_peak|poi_lifestyle_services_count|poi_food_beverage_count|poi_business_residential_ratio,0.1282304234511221,0.51236574369188,4.492645700000139
no_humidity_evening_peak,humidity|is_evening_peak,3,poi_lifestyle_services_count|poi_business_residential_count|poi_food_beverage_count,15,station_id|weekday|hour|is_holiday|temperature|rain|charge_count|s_price|e_price|station_avg_occupancy|station_avg_duration|is_morning_peak|poi_lifestyle_services_count|poi_business_residential_count|poi_food_beverage_count,0.12819280114437714,0.5123591369762676,4.697732199998427
no_humidity,humidity,3,poi_business_residential_count|poi_food_beverage_count|poi_business_residential_ratio,16,station_id|weekday|hour|is_holiday|temperature|rain|charge_count|s_price|e_price|station_avg_occupancy|station_avg_duration|is_morning_peak|is_evening_peak|poi_business_residential_count|poi_food_beverage_count|poi_business_residential_ratio,0.12820665727215377,0.5123574130934706,4.357323500000348
no_humidity_evening_peak,humidity|is_evening_peak,3,poi_lifestyle_services_count|poi_business_residential_count|poi_lifestyle_ratio,15,station_id|weekday|hour|is_holiday|temperature|rain|charge_count|s_price|e_price|station_avg_occupancy|station_avg_duration|is_morning_peak|poi_lifestyle_services_count|poi_business_residential_count|poi_lifestyle_ratio,0.12818693582675061,0.5123363283992461,5.036728200000653
no_humidity_evening_peak,humidity|is_evening_peak,3,poi_total_count|poi_business_residential_count|poi_business_residential_ratio,15,station_id|weekday|hour|is_holiday|temperature|rain|charge_count|s_price|e_price|station_avg_occupancy|station_avg_duration|is_morning_peak|poi_total_count|poi_business_residential_count|poi_business_residential_ratio,0.12817999540479916,0.512323475606334,4.863043299999845
no_humidity,humidity,3,poi_business_residential_count|poi_food_beverage_count|poi_food_beverage_ratio,16,station_id|weekday|hour|is_holiday|temperature|rain|charge_count|s_price|e_price|station_avg_occupancy|station_avg_duration|is_morning_peak|is_evening_peak|poi_business_residential_count|poi_food_beverage_count|poi_food_beverage_ratio,0.1282991097997297,0.5122618686895086,4.929347400000552
no_humidity_evening_peak,humidity|is_evening_peak,3,poi_business_residential_count|poi_food_beverage_count|poi_lifestyle_ratio,15,station_id|weekday|hour|is_holiday|temperature|rain|charge_count|s_price|e_price|station_avg_occupancy|station_avg_duration|is_morning_peak|poi_business_residential_count|poi_food_beverage_count|poi_lifestyle_ratio,0.12814232083614088,0.512250559357382,4.163524999999936
no_humidity_evening_peak,humidity|is_evening_peak,3,poi_total_count|poi_lifestyle_services_count|poi_lifestyle_ratio,15,station_id|weekday|hour|is_holiday|temperature|rain|charge_count|s_price|e_price|station_avg_occupancy|station_avg_duration|is_morning_peak|poi_total_count|poi_lifestyle_services_count|poi_lifestyle_ratio,0.12825001105436457,0.5122255780991983,4.97674040000129
no_humidity,humidity,2,poi_total_count|poi_lifestyle_ratio,15,station_id|weekday|hour|is_holiday|temperature|rain|charge_count|s_price|e_price|station_avg_occupancy|station_avg_duration|is_morning_peak|is_evening_peak|poi_total_count|poi_lifestyle_ratio,0.12823251699439386,0.512207119078158,4.620263500000874
no_humidity,humidity,2,poi_business_residential_count|poi_food_beverage_ratio,15,station_id|weekday|hour|is_holiday|temperature|rain|charge_count|s_price|e_price|station_avg_occupancy|station_avg_duration|is_morning_peak|is_evening_peak|poi_business_residential_count|poi_food_beverage_ratio,0.12827055248935063,0.512198173620455,5.241987599998538
no_humidity_evening_peak,humidity|is_evening_peak,3,poi_business_residential_count|poi_food_beverage_count|poi_food_beverage_ratio,15,station_id|weekday|hour|is_holiday|temperature|rain|charge_count|s_price|e_price|station_avg_occupancy|station_avg_duration|is_morning_peak|poi_business_residential_count|poi_food_beverage_count|poi_food_beverage_ratio,0.12829384215257036,0.5121895585889149,4.539678900000581
no_humidity,humidity,3,poi_total_count|poi_lifestyle_services_count|poi_food_beverage_count,16,station_id|weekday|hour|is_holiday|temperature|rain|charge_count|s_price|e_price|station_avg_occupancy|station_avg_duration|is_morning_peak|is_evening_peak|poi_total_count|poi_lifestyle_services_count|poi_food_beverage_count,0.12837600721754433,0.5121843294006873,5.075707200001489
no_humidity,humidity,2,poi_total_count|poi_lifestyle_services_count,15,station_id|weekday|hour|is_holiday|temperature|rain|charge_count|s_price|e_price|station_avg_occupancy|station_avg_duration|is_morning_peak|is_evening_peak|poi_total_count|poi_lifestyle_services_count,0.12838135130336556,0.5121783250619726,5.087526100000105
no_humidity,humidity,2,poi_lifestyle_ratio|poi_business_residential_ratio,15,station_id|weekday|hour|is_holiday|temperature|rain|charge_count|s_price|e_price|station_avg_occupancy|station_avg_duration|is_morning_peak|is_evening_peak|poi_lifestyle_ratio|poi_business_residential_ratio,0.1281783982268417,0.5121782953488876,7.042429400000401
no_humidity_evening_peak,humidity|is_evening_peak,3,poi_total_count|poi_lifestyle_services_count|poi_food_beverage_ratio,15,station_id|weekday|hour|is_holiday|temperature|rain|charge_count|s_price|e_price|station_avg_occupancy|station_avg_duration|is_morning_peak|poi_total_count|poi_lifestyle_services_count|poi_food_beverage_ratio,0.1282988926724808,0.5121413087240483,5.265682199998992
no_humidity,humidity,3,poi_total_count|poi_business_residential_count|poi_lifestyle_ratio,16,station_id|weekday|hour|is_holiday|temperature|rain|charge_count|s_price|e_price|station_avg_occupancy|station_avg_duration|is_morning_peak|is_evening_peak|poi_total_count|poi_business_residential_count|poi_lifestyle_ratio,0.1281781419111325,0.5121391134632829,5.225900699999329
no_humidity,humidity,2,poi_total_count|poi_business_residential_ratio,15,station_id|weekday|hour|is_holiday|temperature|rain|charge_count|s_price|e_price|station_avg_occupancy|station_avg_duration|is_morning_peak|is_evening_peak|poi_total_count|poi_business_residential_ratio,0.12831417949039362,0.51213293195324,4.991641399999935
no_humidity,humidity,2,poi_business_residential_ratio|poi_food_beverage_ratio,15,station_id|weekday|hour|is_holiday|temperature|rain|charge_count|s_price|e_price|station_avg_occupancy|station_avg_duration|is_morning_peak|is_evening_peak|poi_business_residential_ratio|poi_food_beverage_ratio,0.12838222852588657,0.512116955042063,4.91606899999897
no_humidity_evening_peak,humidity|is_evening_peak,3,poi_lifestyle_services_count|poi_business_residential_count|poi_food_beverage_ratio,15,station_id|weekday|hour|is_holiday|temperature|rain|charge_count|s_price|e_price|station_avg_occupancy|station_avg_duration|is_morning_peak|poi_lifestyle_services_count|poi_business_residential_count|poi_food_beverage_ratio,0.12827136799848257,0.5121018788267654,5.4448690000026545
no_humidity,humidity,2,poi_business_residential_count|poi_lifestyle_ratio,15,station_id|weekday|hour|is_holiday|temperature|rain|charge_count|s_price|e_price|station_avg_occupancy|station_avg_duration|is_morning_peak|is_evening_peak|poi_business_residential_count|poi_lifestyle_ratio,0.12821712753691233,0.5120974493313775,4.9140138999973715
no_humidity_evening_peak,humidity|is_evening_peak,1,poi_total_count,13,station_id|weekday|hour|is_holiday|temperature|rain|charge_count|s_price|e_price|station_avg_occupancy|station_avg_duration|is_morning_peak|poi_total_count,0.1283119637223123,0.5120789599739446,4.756081000003178
no_humidity_evening_peak,humidity|is_evening_peak,3,poi_business_residential_count|poi_lifestyle_ratio|poi_business_residential_ratio,15,station_id|weekday|hour|is_holiday|temperature|rain|charge_count|s_price|e_price|station_avg_occupancy|station_avg_duration|is_morning_peak|poi_business_residential_count|poi_lifestyle_ratio|poi_business_residential_ratio,0.12818886028234536,0.51207765084579,4.421355999998923
no_humidity,humidity,2,poi_lifestyle_services_count|poi_business_residential_count,15,station_id|weekday|hour|is_holiday|temperature|rain|charge_count|s_price|e_price|station_avg_occupancy|station_avg_duration|is_morning_peak|is_evening_peak|poi_lifestyle_services_count|poi_business_residential_count,0.12837781392682668,0.5120256903846905,4.609578100000363
no_humidity,humidity,3,poi_lifestyle_ratio|poi_business_residential_ratio|poi_food_beverage_ratio,16,station_id|weekday|hour|is_holiday|temperature|rain|charge_count|s_price|e_price|station_avg_occupancy|station_avg_duration|is_morning_peak|is_evening_peak|poi_lifestyle_ratio|poi_business_residential_ratio|poi_food_beverage_ratio,0.1281730943716875,0.5120241395713572,6.432334399996762
no_humidity,humidity,2,poi_total_count|poi_food_beverage_count,15,station_id|weekday|hour|is_holiday|temperature|rain|charge_count|s_price|e_price|station_avg_occupancy|station_avg_duration|is_morning_peak|is_evening_peak|poi_total_count|poi_food_beverage_count,0.12837147036111712,0.5120082838034281,4.882678300000407
no_humidity,humidity,3,poi_total_count|poi_lifestyle_services_count|poi_lifestyle_ratio,16,station_id|weekday|hour|is_holiday|temperature|rain|charge_count|s_price|e_price|station_avg_occupancy|station_avg_duration|is_morning_peak|is_evening_peak|poi_total_count|poi_lifestyle_services_count|poi_lifestyle_ratio,0.12829101418785016,0.5119842726149455,5.166595900001994
no_humidity_evening_peak,humidity|is_evening_peak,2,poi_total_count|poi_business_residential_ratio,14,station_id|weekday|hour|is_holiday|temperature|rain|charge_count|s_price|e_price|station_avg_occupancy|station_avg_duration|is_morning_peak|poi_total_count|poi_business_residential_ratio,0.1282904494131983,0.5119667690621676,4.753002599998581
no_humidity_evening_peak,humidity|is_evening_peak,3,poi_food_beverage_count|poi_lifestyle_ratio|poi_food_beverage_ratio,15,station_id|weekday|hour|is_holiday|temperature|rain|charge_count|s_price|e_price|station_avg_occupancy|station_avg_duration|is_morning_peak|poi_food_beverage_count|poi_lifestyle_ratio|poi_food_beverage_ratio,0.12834204507809824,0.5119651792318882,4.361381899998378
no_humidity_evening_peak,humidity|is_evening_peak,1,poi_lifestyle_services_count,13,station_id|weekday|hour|is_holiday|temperature|rain|charge_count|s_price|e_price|station_avg_occupancy|station_avg_duration|is_morning_peak|poi_lifestyle_services_count,0.12837578136619704,0.5119191913765129,4.75160710000273
no_humidity_evening_peak,humidity|is_evening_peak,3,poi_total_count|poi_lifestyle_services_count|poi_food_beverage_count,15,station_id|weekday|hour|is_holiday|temperature|rain|charge_count|s_price|e_price|station_avg_occupancy|station_avg_duration|is_morning_peak|poi_total_count|poi_lifestyle_services_count|poi_food_beverage_count,0.12832625998022065,0.5118791810100383,4.904337399999349
no_humidity,humidity,2,poi_lifestyle_ratio|poi_food_beverage_ratio,15,station_id|weekday|hour|is_holiday|temperature|rain|charge_count|s_price|e_price|station_avg_occupancy|station_avg_duration|is_morning_peak|is_evening_peak|poi_lifestyle_ratio|poi_food_beverage_ratio,0.12833535290510437,0.5118226146765881,5.32209900000089
no_humidity,humidity,3,poi_total_count|poi_food_beverage_count|poi_lifestyle_ratio,16,station_id|weekday|hour|is_holiday|temperature|rain|charge_count|s_price|e_price|station_avg_occupancy|station_avg_duration|is_morning_peak|is_evening_peak|poi_total_count|poi_food_beverage_count|poi_lifestyle_ratio,0.1282961743678219,0.5118128850729599,4.8556240999969305
no_humidity,humidity,2,poi_food_beverage_count|poi_food_beverage_ratio,15,station_id|weekday|hour|is_holiday|temperature|rain|charge_count|s_price|e_price|station_avg_occupancy|station_avg_duration|is_morning_peak|is_evening_peak|poi_food_beverage_count|poi_food_beverage_ratio,0.12841528634364718,0.5117540866862063,5.458826099998987
no_humidity,humidity,3,poi_lifestyle_services_count|poi_food_beverage_count|poi_food_beverage_ratio,16,station_id|weekday|hour|is_holiday|temperature|rain|charge_count|s_price|e_price|station_avg_occupancy|station_avg_duration|is_morning_peak|is_evening_peak|poi_lifestyle_services_count|poi_food_beverage_count|poi_food_beverage_ratio,0.1284256393925955,0.5117472879363235,4.832431000002543
no_humidity_evening_peak,humidity|is_evening_peak,2,poi_lifestyle_services_count|poi_business_residential_ratio,14,station_id|weekday|hour|is_holiday|temperature|rain|charge_count|s_price|e_price|station_avg_occupancy|station_avg_duration|is_morning_peak|poi_lifestyle_services_count|poi_business_residential_ratio,0.12832099167476946,0.511742980326281,4.783476399999927
no_humidity_evening_peak,humidity|is_evening_peak,3,poi_lifestyle_services_count|poi_business_residential_ratio|poi_food_beverage_ratio,15,station_id|weekday|hour|is_holiday|temperature|rain|charge_count|s_price|e_price|station_avg_occupancy|station_avg_duration|is_morning_peak|poi_lifestyle_services_count|poi_business_residential_ratio|poi_food_beverage_ratio,0.1283180930414166,0.5117261676719517,3.8005105999982334
no_humidity,humidity,2,poi_lifestyle_services_count|poi_food_beverage_ratio,15,station_id|weekday|hour|is_holiday|temperature|rain|charge_count|s_price|e_price|station_avg_occupancy|station_avg_duration|is_morning_peak|is_evening_peak|poi_lifestyle_services_count|poi_food_beverage_ratio,0.12842235022196458,0.5116757763948613,4.8332474999988335
no_humidity,humidity,2,poi_lifestyle_services_count|poi_food_beverage_count,15,station_id|weekday|hour|is_holiday|temperature|rain|charge_count|s_price|e_price|station_avg_occupancy|station_avg_duration|is_morning_peak|is_evening_peak|poi_lifestyle_services_count|poi_food_beverage_count,0.12850957522764722,0.5116668608785282,4.672636900002544
no_humidity_evening_peak,humidity|is_evening_peak,1,poi_lifestyle_ratio,13,station_id|weekday|hour|is_holiday|temperature|rain|charge_count|s_price|e_price|station_avg_occupancy|station_avg_duration|is_morning_peak|poi_lifestyle_ratio,0.1283609503319987,0.5116188840438884,4.90545259999999
no_humidity,humidity,3,poi_total_count|poi_food_beverage_count|poi_food_beverage_ratio,16,station_id|weekday|hour|is_holiday|temperature|rain|charge_count|s_price|e_price|station_avg_occupancy|station_avg_duration|is_morning_peak|is_evening_peak|poi_total_count|poi_food_beverage_count|poi_food_beverage_ratio,0.12844048805996686,0.5116014768348709,4.661578200000804
no_humidity,humidity,3,poi_lifestyle_services_count|poi_business_residential_count|poi_food_beverage_count,16,station_id|weekday|hour|is_holiday|temperature|rain|charge_count|s_price|e_price|station_avg_occupancy|station_avg_duration|is_morning_peak|is_evening_peak|poi_lifestyle_services_count|poi_business_residential_count|poi_food_beverage_count,0.12831723998521974,0.5115929552617865,4.71630450000157
no_humidity,humidity,3,poi_food_beverage_count|poi_lifestyle_ratio|poi_food_beverage_ratio,16,station_id|weekday|hour|is_holiday|temperature|rain|charge_count|s_price|e_price|station_avg_occupancy|station_avg_duration|is_morning_peak|is_evening_peak|poi_food_beverage_count|poi_lifestyle_ratio|poi_food_beverage_ratio,0.12838955049720108,0.5115791924635007,4.514813499998127
all_non_poi,,2,poi_total_count|poi_business_residential_ratio,16,station_id|weekday|hour|is_holiday|temperature|humidity|rain|charge_count|s_price|e_price|station_avg_occupancy|station_avg_duration|is_morning_peak|is_evening_peak|poi_total_count|poi_business_residential_ratio,0.12832176676908116,0.511569058543501,5.4998204999974405
no_humidity_evening_peak,humidity|is_evening_peak,2,poi_total_count|poi_business_residential_count,14,station_id|weekday|hour|is_holiday|temperature|rain|charge_count|s_price|e_price|station_avg_occupancy|station_avg_duration|is_morning_peak|poi_total_count|poi_business_residential_count,0.1283499626528312,0.511565762458251,4.978215899998759
no_humidity_evening_peak,humidity|is_evening_peak,2,poi_total_count|poi_lifestyle_ratio,14,station_id|weekday|hour|is_holiday|temperature|rain|charge_count|s_price|e_price|station_avg_occupancy|station_avg_duration|is_morning_peak|poi_total_count|poi_lifestyle_ratio,0.12831508763882538,0.5115259934822816,4.742869199999404
no_humidity,humidity,2,poi_total_count|poi_food_beverage_ratio,15,station_id|weekday|hour|is_holiday|temperature|rain|charge_count|s_price|e_price|station_avg_occupancy|station_avg_duration|is_morning_peak|is_evening_peak|poi_total_count|poi_food_beverage_ratio,0.12839459648216653,0.5114946632756062,4.822516600001109
no_humidity,humidity,3,poi_lifestyle_services_count|poi_food_beverage_count|poi_lifestyle_ratio,16,station_id|weekday|hour|is_holiday|temperature|rain|charge_count|s_price|e_price|station_avg_occupancy|station_avg_duration|is_morning_peak|is_evening_peak|poi_lifestyle_services_count|poi_food_beverage_count|poi_lifestyle_ratio,0.12832233489374714,0.5114852183391669,4.958599099998537
no_humidity_evening_peak,humidity|is_evening_peak,3,poi_lifestyle_services_count|poi_food_beverage_count|poi_food_beverage_ratio,15,station_id|weekday|hour|is_holiday|temperature|rain|charge_count|s_price|e_price|station_avg_occupancy|station_avg_duration|is_morning_peak|poi_lifestyle_services_count|poi_food_beverage_count|poi_food_beverage_ratio,0.128464332458613,0.5114824106189297,4.534922299997561
no_humidity_evening_peak,humidity|is_evening_peak,2,poi_business_residential_ratio|poi_food_beverage_ratio,14,station_id|weekday|hour|is_holiday|temperature|rain|charge_count|s_price|e_price|station_avg_occupancy|station_avg_duration|is_morning_peak|poi_business_residential_ratio|poi_food_beverage_ratio,0.1283202930649934,0.5114575784523238,5.0628049000006285
no_humidity_evening_peak,humidity|is_evening_peak,3,poi_total_count|poi_business_residential_count|poi_food_beverage_count,15,station_id|weekday|hour|is_holiday|temperature|rain|charge_count|s_price|e_price|station_avg_occupancy|station_avg_duration|is_morning_peak|poi_total_count|poi_business_residential_count|poi_food_beverage_count,0.1284229951914024,0.5114123470893107,8.02157520000037
no_humidity_evening_peak,humidity|is_evening_peak,2,poi_business_residential_count|poi_lifestyle_ratio,14,station_id|weekday|hour|is_holiday|temperature|rain|charge_count|s_price|e_price|station_avg_occupancy|station_avg_duration|is_morning_peak|poi_business_residential_count|poi_lifestyle_ratio,0.12834038822823798,0.5113856087375928,4.674778699998569
no_humidity,humidity,3,poi_food_beverage_count|poi_business_residential_ratio|poi_food_beverage_ratio,16,station_id|weekday|hour|is_holiday|temperature|rain|charge_count|s_price|e_price|station_avg_occupancy|station_avg_duration|is_morning_peak|is_evening_peak|poi_food_beverage_count|poi_business_residential_ratio|poi_food_beverage_ratio,0.12830617248405424,0.5113689087649975,5.177784700001212
no_humidity,humidity,2,poi_food_beverage_count|poi_lifestyle_ratio,15,station_id|weekday|hour|is_holiday|temperature|rain|charge_count|s_price|e_price|station_avg_occupancy|station_avg_duration|is_morning_peak|is_evening_peak|poi_food_beverage_count|poi_lifestyle_ratio,0.12835646654141064,0.5113590081562406,4.802664099999674
no_humidity,humidity,3,poi_total_count|poi_lifestyle_services_count|poi_food_beverage_ratio,16,station_id|weekday|hour|is_holiday|temperature|rain|charge_count|s_price|e_price|station_avg_occupancy|station_avg_duration|is_morning_peak|is_evening_peak|poi_total_count|poi_lifestyle_services_count|poi_food_beverage_ratio,0.12841152859589483,0.5113467412648284,4.663286099999823
no_humidity_evening_peak,humidity|is_evening_peak,2,poi_business_residential_count|poi_food_beverage_ratio,14,station_id|weekday|hour|is_holiday|temperature|rain|charge_count|s_price|e_price|station_avg_occupancy|station_avg_duration|is_morning_peak|poi_business_residential_count|poi_food_beverage_ratio,0.12833936740431118,0.5113336981118328,4.846536600001855
no_humidity_evening_peak,humidity|is_evening_peak,3,poi_total_count|poi_business_residential_count|poi_food_beverage_ratio,15,station_id|weekday|hour|is_holiday|temperature|rain|charge_count|s_price|e_price|station_avg_occupancy|station_avg_duration|is_morning_peak|poi_total_count|poi_business_residential_count|poi_food_beverage_ratio,0.12839311627783878,0.5113150926400277,4.894687899999553
no_evening_peak,is_evening_peak,3,poi_lifestyle_services_count|poi_business_residential_count|poi_business_residential_ratio,16,station_id|weekday|hour|is_holiday|temperature|humidity|rain|charge_count|s_price|e_price|station_avg_occupancy|station_avg_duration|is_morning_peak|poi_lifestyle_services_count|poi_business_residential_count|poi_business_residential_ratio,0.12838877540274432,0.511175770110889,4.609017099999619
no_humidity_evening_peak,humidity|is_evening_peak,3,poi_food_beverage_count|poi_business_residential_ratio|poi_food_beverage_ratio,15,station_id|weekday|hour|is_holiday|temperature|rain|charge_count|s_price|e_price|station_avg_occupancy|station_avg_duration|is_morning_peak|poi_food_beverage_count|poi_business_residential_ratio|poi_food_beverage_ratio,0.12840110690489973,0.5111611644594887,4.305177300000651
no_humidity_evening_peak,humidity|is_evening_peak,1,poi_business_residential_count,13,station_id|weekday|hour|is_holiday|temperature|rain|charge_count|s_price|e_price|station_avg_occupancy|station_avg_duration|is_morning_peak|poi_business_residential_count,0.12840304315277315,0.5111489704717758,4.647966399999859
no_humidity_evening_peak,humidity|is_evening_peak,2,poi_lifestyle_services_count|poi_lifestyle_ratio,14,station_id|weekday|hour|is_holiday|temperature|rain|charge_count|s_price|e_price|station_avg_occupancy|station_avg_duration|is_morning_peak|poi_lifestyle_services_count|poi_lifestyle_ratio,0.12840512743516982,0.5111035964062276,4.50138369999695
no_evening_peak,is_evening_peak,3,poi_total_count|poi_food_beverage_count|poi_lifestyle_ratio,16,station_id|weekday|hour|is_holiday|temperature|humidity|rain|charge_count|s_price|e_price|station_avg_occupancy|station_avg_duration|is_morning_peak|poi_total_count|poi_food_beverage_count|poi_lifestyle_ratio,0.12842222411673382,0.511028611509688,4.529890500001784
no_evening_peak,is_evening_peak,3,poi_lifestyle_services_count|poi_food_beverage_count|poi_business_residential_ratio,16,station_id|weekday|hour|is_holiday|temperature|humidity|rain|charge_count|s_price|e_price|station_avg_occupancy|station_avg_duration|is_morning_peak|poi_lifestyle_services_count|poi_food_beverage_count|poi_business_residential_ratio,0.12836499399486245,0.5110218635957552,4.387770200002706
no_evening_peak,is_evening_peak,3,poi_total_count|poi_lifestyle_services_count|poi_lifestyle_ratio,16,station_id|weekday|hour|is_holiday|temperature|humidity|rain|charge_count|s_price|e_price|station_avg_occupancy|station_avg_duration|is_morning_peak|poi_total_count|poi_lifestyle_services_count|poi_lifestyle_ratio,0.12840729660807962,0.5109753475221672,5.289011100001517
no_humidity_evening_peak,humidity|is_evening_peak,2,poi_business_residential_count|poi_business_residential_ratio,14,station_id|weekday|hour|is_holiday|temperature|rain|charge_count|s_price|e_price|station_avg_occupancy|station_avg_duration|is_morning_peak|poi_business_residential_count|poi_business_residential_ratio,0.1284065952578695,0.5109472319193098,4.7737457000002905
no_humidity_evening_peak,humidity|is_evening_peak,2,poi_food_beverage_count|poi_lifestyle_ratio,14,station_id|weekday|hour|is_holiday|temperature|rain|charge_count|s_price|e_price|station_avg_occupancy|station_avg_duration|is_morning_peak|poi_food_beverage_count|poi_lifestyle_ratio,0.1284180243816625,0.5109033105127367,4.92572360000122
no_humidity_evening_peak,humidity|is_evening_peak,1,poi_food_beverage_ratio,13,station_id|weekday|hour|is_holiday|temperature|rain|charge_count|s_price|e_price|station_avg_occupancy|station_avg_duration|is_morning_peak|poi_food_beverage_ratio,0.1284970007079917,0.5108634035734527,4.721727100000862
all_non_poi,,2,poi_lifestyle_services_count|poi_lifestyle_ratio,16,station_id|weekday|hour|is_holiday|temperature|humidity|rain|charge_count|s_price|e_price|station_avg_occupancy|station_avg_duration|is_morning_peak|is_evening_peak|poi_lifestyle_services_count|poi_lifestyle_ratio,0.1283833202687667,0.5108572297964362,4.200254700001096
no_evening_peak,is_evening_peak,3,poi_total_count|poi_food_beverage_count|poi_business_residential_ratio,16,station_id|weekday|hour|is_holiday|temperature|humidity|rain|charge_count|s_price|e_price|station_avg_occupancy|station_avg_duration|is_morning_peak|poi_total_count|poi_food_beverage_count|poi_business_residential_ratio,0.12840109509248152,0.5108490620603345,7.546631199998956
no_humidity_evening_peak,humidity|is_evening_peak,1,poi_business_residential_ratio,13,station_id|weekday|hour|is_holiday|temperature|rain|charge_count|s_price|e_price|station_avg_occupancy|station_avg_duration|is_morning_peak|poi_business_residential_ratio,0.1284502914887125,0.5108280773579004,4.670509999999922
no_humidity_evening_peak,humidity|is_evening_peak,2,poi_total_count|poi_lifestyle_services_count,14,station_id|weekday|hour|is_holiday|temperature|rain|charge_count|s_price|e_price|station_avg_occupancy|station_avg_duration|is_morning_peak|poi_total_count|poi_lifestyle_services_count,0.12850672898287477,0.5108231403911611,4.723564299998543
no_evening_peak,is_evening_peak,3,poi_total_count|poi_lifestyle_services_count|poi_business_residential_ratio,16,station_id|weekday|hour|is_holiday|temperature|humidity|rain|charge_count|s_price|e_price|station_avg_occupancy|station_avg_duration|is_morning_peak|poi_total_count|poi_lifestyle_services_count|poi_business_residential_ratio,0.12846199072999123,0.5107979305339361,5.060495300000184
no_evening_peak,is_evening_peak,3,poi_lifestyle_services_count|poi_business_residential_count|poi_food_beverage_count,16,station_id|weekday|hour|is_holiday|temperature|humidity|rain|charge_count|s_price|e_price|station_avg_occupancy|station_avg_duration|is_morning_peak|poi_lifestyle_services_count|poi_business_residential_count|poi_food_beverage_count,0.12843447600054175,0.5107562458939157,5.057271300000139
no_humidity,humidity,2,poi_business_residential_count|poi_food_beverage_count,15,station_id|weekday|hour|is_holiday|temperature|rain|charge_count|s_price|e_price|station_avg_occupancy|station_avg_duration|is_morning_peak|is_evening_peak|poi_business_residential_count|poi_food_beverage_count,0.12849279868520055,0.5107393768816637,4.819200899997668
no_evening_peak,is_evening_peak,3,poi_lifestyle_services_count|poi_lifestyle_ratio|poi_business_residential_ratio,16,station_id|weekday|hour|is_holiday|temperature|humidity|rain|charge_count|s_price|e_price|station_avg_occupancy|station_avg_duration|is_morning_peak|poi_lifestyle_services_count|poi_lifestyle_ratio|poi_business_residential_ratio,0.12842239582980733,0.5106984177177538,4.575278600001184
no_humidity_evening_peak,humidity|is_evening_peak,2,poi_business_residential_count|poi_food_beverage_count,14,station_id|weekday|hour|is_holiday|temperature|rain|charge_count|s_price|e_price|station_avg_occupancy|station_avg_duration|is_morning_peak|poi_business_residential_count|poi_food_beverage_count,0.12850166512466596,0.51066780971349,4.735695799998211
all_non_poi,,3,poi_lifestyle_services_count|poi_lifestyle_ratio|poi_food_beverage_ratio,17,station_id|weekday|hour|is_holiday|temperature|humidity|rain|charge_count|s_price|e_price|station_avg_occupancy|station_avg_duration|is_morning_peak|is_evening_peak|poi_lifestyle_services_count|poi_lifestyle_ratio|poi_food_beverage_ratio,0.12858160861451434,0.5106509188350619,4.354502500002127
no_humidity_evening_peak,humidity|is_evening_peak,3,poi_total_count|poi_food_beverage_count|poi_food_beverage_ratio,15,station_id|weekday|hour|is_holiday|temperature|rain|charge_count|s_price|e_price|station_avg_occupancy|station_avg_duration|is_morning_peak|poi_total_count|poi_food_beverage_count|poi_food_beverage_ratio,0.12854805231919172,0.5106348918118173,6.209581800001615
no_evening_peak,is_evening_peak,3,poi_total_count|poi_business_residential_count|poi_food_beverage_count,16,station_id|weekday|hour|is_holiday|temperature|humidity|rain|charge_count|s_price|e_price|station_avg_occupancy|station_avg_duration|is_morning_peak|poi_total_count|poi_business_residential_count|poi_food_beverage_count,0.12848355215222318,0.5106173073162525,4.739193199999136
no_humidity_evening_peak,humidity|is_evening_peak,1,poi_food_beverage_count,13,station_id|weekday|hour|is_holiday|temperature|rain|charge_count|s_price|e_price|station_avg_occupancy|station_avg_duration|is_morning_peak|poi_food_beverage_count,0.12850223648297882,0.5106066116149337,4.916617999999289
no_humidity_evening_peak,humidity|is_evening_peak,2,poi_food_beverage_count|poi_business_residential_ratio,14,station_id|weekday|hour|is_holiday|temperature|rain|charge_count|s_price|e_price|station_avg_occupancy|station_avg_duration|is_morning_peak|poi_food_beverage_count|poi_business_residential_ratio,0.12853282863451967,0.5105469868982695,5.215637700002844
no_evening_peak,is_evening_peak,3,poi_total_count|poi_business_residential_count|poi_lifestyle_ratio,16,station_id|weekday|hour|is_holiday|temperature|humidity|rain|charge_count|s_price|e_price|station_avg_occupancy|station_avg_duration|is_morning_peak|poi_total_count|poi_business_residential_count|poi_lifestyle_ratio,0.12846340265716136,0.5105092953131378,3.7900207999991835
no_evening_peak,is_evening_peak,2,poi_business_residential_count|poi_business_residential_ratio,15,station_id|weekday|hour|is_holiday|temperature|humidity|rain|charge_count|s_price|e_price|station_avg_occupancy|station_avg_duration|is_morning_peak|poi_business_residential_count|poi_business_residential_ratio,0.12852153558896398,0.5104969369411636,4.942229100000986
no_humidity_evening_peak,humidity|is_evening_peak,2,poi_total_count|poi_food_beverage_ratio,14,station_id|weekday|hour|is_holiday|temperature|rain|charge_count|s_price|e_price|station_avg_occupancy|station_avg_duration|is_morning_peak|poi_total_count|poi_food_beverage_ratio,0.12861418663958882,0.510489339979775,4.724642400000448
no_evening_peak,is_evening_peak,3,poi_total_count|poi_business_residential_count|poi_business_residential_ratio,16,station_id|weekday|hour|is_holiday|temperature|humidity|rain|charge_count|s_price|e_price|station_avg_occupancy|station_avg_duration|is_morning_peak|poi_total_count|poi_business_residential_count|poi_business_residential_ratio,0.12850945145636639,0.5104822216603166,3.917055599999003
no_humidity_evening_peak,humidity|is_evening_peak,2,poi_lifestyle_services_count|poi_food_beverage_ratio,14,station_id|weekday|hour|is_holiday|temperature|rain|charge_count|s_price|e_price|station_avg_occupancy|station_avg_duration|is_morning_peak|poi_lifestyle_services_count|poi_food_beverage_ratio,0.12856414150146234,0.5104626511296035,4.800243799996679
no_evening_peak,is_evening_peak,3,poi_total_count|poi_business_residential_count|poi_food_beverage_ratio,16,station_id|weekday|hour|is_holiday|temperature|humidity|rain|charge_count|s_price|e_price|station_avg_occupancy|station_avg_duration|is_morning_peak|poi_total_count|poi_business_residential_count|poi_food_beverage_ratio,0.12852221908657924,0.5104300035381244,4.683444499998586
no_evening_peak,is_evening_peak,2,poi_lifestyle_services_count|poi_business_residential_ratio,15,station_id|weekday|hour|is_holiday|temperature|humidity|rain|charge_count|s_price|e_price|station_avg_occupancy|station_avg_duration|is_morning_peak|poi_lifestyle_services_count|poi_business_residential_ratio,0.12851382652798649,0.5104189038696914,6.167382499999803
all_non_poi,,2,poi_lifestyle_services_count|poi_business_residential_ratio,16,station_id|weekday|hour|is_holiday|temperature|humidity|rain|charge_count|s_price|e_price|station_avg_occupancy|station_avg_duration|is_morning_peak|is_evening_peak|poi_lifestyle_services_count|poi_business_residential_ratio,0.12844422004847458,0.5103997989318396,4.637104600002203
all_non_poi,,3,poi_total_count|poi_lifestyle_ratio|poi_business_residential_ratio,17,station_id|weekday|hour|is_holiday|temperature|humidity|rain|charge_count|s_price|e_price|station_avg_occupancy|station_avg_duration|is_morning_peak|is_evening_peak|poi_total_count|poi_lifestyle_ratio|poi_business_residential_ratio,0.128505529727814,0.5103868405885315,4.6397931999999855
no_humidity_evening_peak,humidity|is_evening_peak,2,poi_lifestyle_ratio|poi_business_residential_ratio,14,station_id|weekday|hour|is_holiday|temperature|rain|charge_count|s_price|e_price|station_avg_occupancy|station_avg_duration|is_morning_peak|poi_lifestyle_ratio|poi_business_residential_ratio,0.1285133972809244,0.5103367000180987,4.96953460000077
all_non_poi,,3,poi_lifestyle_services_count|poi_food_beverage_count|poi_business_residential_ratio,17,station_id|weekday|hour|is_holiday|temperature|humidity|rain|charge_count|s_price|e_price|station_avg_occupancy|station_avg_duration|is_morning_peak|is_evening_peak|poi_lifestyle_services_count|poi_food_beverage_count|poi_business_residential_ratio,0.12868515614701131,0.5103182352500715,4.432985700001154
no_evening_peak,is_evening_peak,2,poi_business_residential_ratio|poi_food_beverage_ratio,15,station_id|weekday|hour|is_holiday|temperature|humidity|rain|charge_count|s_price|e_price|station_avg_occupancy|station_avg_duration|is_morning_peak|poi_business_residential_ratio|poi_food_beverage_ratio,0.12850315451544392,0.5103041489955349,5.30601299999762
all_non_poi,,3,poi_lifestyle_services_count|poi_business_residential_count|poi_lifestyle_ratio,17,station_id|weekday|hour|is_holiday|temperature|humidity|rain|charge_count|s_price|e_price|station_avg_occupancy|station_avg_duration|is_morning_peak|is_evening_peak|poi_lifestyle_services_count|poi_business_residential_count|poi_lifestyle_ratio,0.1285956237190112,0.5102882163222124,4.309952500003419
no_evening_peak,is_evening_peak,2,poi_lifestyle_ratio|poi_business_residential_ratio,15,station_id|weekday|hour|is_holiday|temperature|humidity|rain|charge_count|s_price|e_price|station_avg_occupancy|station_avg_duration|is_morning_peak|poi_lifestyle_ratio|poi_business_residential_ratio,0.1284825786428508,0.5102874059518759,6.411229800000001
no_humidity_evening_peak,humidity|is_evening_peak,2,poi_lifestyle_services_count|poi_business_residential_count,14,station_id|weekday|hour|is_holiday|temperature|rain|charge_count|s_price|e_price|station_avg_occupancy|station_avg_duration|is_morning_peak|poi_lifestyle_services_count|poi_business_residential_count,0.12844788033224216,0.5102802706626882,4.614574999999604
no_evening_peak,is_evening_peak,3,poi_business_residential_count|poi_lifestyle_ratio|poi_food_beverage_ratio,16,station_id|weekday|hour|is_holiday|temperature|humidity|rain|charge_count|s_price|e_price|station_avg_occupancy|station_avg_duration|is_morning_peak|poi_business_residential_count|poi_lifestyle_ratio|poi_food_beverage_ratio,0.12846788116321065,0.5102536621135388,4.711185899999691
no_humidity_evening_peak,humidity|is_evening_peak,2,poi_total_count|poi_food_beverage_count,14,station_id|weekday|hour|is_holiday|temperature|rain|charge_count|s_price|e_price|station_avg_occupancy|station_avg_duration|is_morning_peak|poi_total_count|poi_food_beverage_count,0.12860467956731664,0.5102510619188253,5.200172400000156
all_non_poi,,3,poi_business_residential_count|poi_lifestyle_ratio|poi_business_residential_ratio,17,station_id|weekday|hour|is_holiday|temperature|humidity|rain|charge_count|s_price|e_price|station_avg_occupancy|station_avg_duration|is_morning_peak|is_evening_peak|poi_business_residential_count|poi_lifestyle_ratio|poi_business_residential_ratio,0.12853711915809365,0.510229670542096,4.304388199998357
no_evening_peak,is_evening_peak,2,poi_business_residential_count|poi_food_beverage_ratio,15,station_id|weekday|hour|is_holiday|temperature|humidity|rain|charge_count|s_price|e_price|station_avg_occupancy|station_avg_duration|is_morning_peak|poi_business_residential_count|poi_food_beverage_ratio,0.12845034454544318,0.510224924686195,5.188264899999922
no_evening_peak,is_evening_peak,3,poi_lifestyle_services_count|poi_business_residential_count|poi_food_beverage_ratio,16,station_id|weekday|hour|is_holiday|temperature|humidity|rain|charge_count|s_price|e_price|station_avg_occupancy|station_avg_duration|is_morning_peak|poi_lifestyle_services_count|poi_business_residential_count|poi_food_beverage_ratio,0.12855776399723481,0.5101955331581154,3.646880100000999
no_evening_peak,is_evening_peak,3,poi_lifestyle_services_count|poi_business_residential_ratio|poi_food_beverage_ratio,16,station_id|weekday|hour|is_holiday|temperature|humidity|rain|charge_count|s_price|e_price|station_avg_occupancy|station_avg_duration|is_morning_peak|poi_lifestyle_services_count|poi_business_residential_ratio|poi_food_beverage_ratio,0.12846383406552053,0.5101724435334437,4.275490200001514
no_evening_peak,is_evening_peak,3,poi_business_residential_count|poi_food_beverage_count|poi_business_residential_ratio,16,station_id|weekday|hour|is_holiday|temperature|humidity|rain|charge_count|s_price|e_price|station_avg_occupancy|station_avg_duration|is_morning_peak|poi_business_residential_count|poi_food_beverage_count|poi_business_residential_ratio,0.12848613435498177,0.510171368083102,4.335399299998244
no_evening_peak,is_evening_peak,3,poi_total_count|poi_lifestyle_services_count|poi_food_beverage_count,16,station_id|weekday|hour|is_holiday|temperature|humidity|rain|charge_count|s_price|e_price|station_avg_occupancy|station_avg_duration|is_morning_peak|poi_total_count|poi_lifestyle_services_count|poi_food_beverage_count,0.12861141425924486,0.5101686329662047,4.684447299998283
no_evening_peak,is_evening_peak,3,poi_lifestyle_services_count|poi_food_beverage_count|poi_lifestyle_ratio,16,station_id|weekday|hour|is_holiday|temperature|humidity|rain|charge_count|s_price|e_price|station_avg_occupancy|station_avg_duration|is_morning_peak|poi_lifestyle_services_count|poi_food_beverage_count|poi_lifestyle_ratio,0.12845945772741416,0.5101671628642163,4.3263369999986026
no_evening_peak,is_evening_peak,2,poi_lifestyle_services_count|poi_business_residential_count,15,station_id|weekday|hour|is_holiday|temperature|humidity|rain|charge_count|s_price|e_price|station_avg_occupancy|station_avg_duration|is_morning_peak|poi_lifestyle_services_count|poi_business_residential_count,0.12866831751667276,0.5101527181902341,8.270190899998852
no_evening_peak,is_evening_peak,3,poi_business_residential_count|poi_business_residential_ratio|poi_food_beverage_ratio,16,station_id|weekday|hour|is_holiday|temperature|humidity|rain|charge_count|s_price|e_price|station_avg_occupancy|station_avg_duration|is_morning_peak|poi_business_residential_count|poi_business_residential_ratio|poi_food_beverage_ratio,0.1284701502743058,0.5101217308661536,5.179736199999752
all_non_poi,,3,poi_total_count|poi_lifestyle_services_count|poi_lifestyle_ratio,17,station_id|weekday|hour|is_holiday|temperature|humidity|rain|charge_count|s_price|e_price|station_avg_occupancy|station_avg_duration|is_morning_peak|is_evening_peak|poi_total_count|poi_lifestyle_services_count|poi_lifestyle_ratio,0.12866250533096668,0.51012126483908,4.484742200002074
no_evening_peak,is_evening_peak,3,poi_total_count|poi_lifestyle_services_count|poi_business_residential_count,16,station_id|weekday|hour|is_holiday|temperature|humidity|rain|charge_count|s_price|e_price|station_avg_occupancy|station_avg_duration|is_morning_peak|poi_total_count|poi_lifestyle_services_count|poi_business_residential_count,0.1285530158143941,0.5101152888132688,5.229569099999935
no_evening_peak,is_evening_peak,3,poi_lifestyle_services_count|poi_business_residential_count|poi_lifestyle_ratio,16,station_id|weekday|hour|is_holiday|temperature|humidity|rain|charge_count|s_price|e_price|station_avg_occupancy|station_avg_duration|is_morning_peak|poi_lifestyle_services_count|poi_business_residential_count|poi_lifestyle_ratio,0.1284437005900829,0.510101046279847,5.761217199997191
all_non_poi,,2,poi_total_count|poi_business_residential_count,16,station_id|weekday|hour|is_holiday|temperature|humidity|rain|charge_count|s_price|e_price|station_avg_occupancy|station_avg_duration|is_morning_peak|is_evening_peak|poi_total_count|poi_business_residential_count,0.12852580870988142,0.5100899021982832,4.656306799999584
all_non_poi,,3,poi_lifestyle_services_count|poi_business_residential_count|poi_business_residential_ratio,17,station_id|weekday|hour|is_holiday|temperature|humidity|rain|charge_count|s_price|e_price|station_avg_occupancy|station_avg_duration|is_morning_peak|is_evening_peak|poi_lifestyle_services_count|poi_business_residential_count|poi_business_residential_ratio,0.12861800268841145,0.5100666092167664,5.865278799999942
no_humidity,humidity,1,poi_lifestyle_services_count,14,station_id|weekday|hour|is_holiday|temperature|rain|charge_count|s_price|e_price|station_avg_occupancy|station_avg_duration|is_morning_peak|is_evening_peak|poi_lifestyle_services_count,0.12859836892538343,0.5100562148026809,4.883519899998646
no_evening_peak,is_evening_peak,2,poi_total_count|poi_lifestyle_ratio,15,station_id|weekday|hour|is_holiday|temperature|humidity|rain|charge_count|s_price|e_price|station_avg_occupancy|station_avg_duration|is_morning_peak|poi_total_count|poi_lifestyle_ratio,0.12852476959704426,0.5100542324103192,4.493120200000703
all_non_poi,,2,poi_lifestyle_services_count|poi_business_residential_count,16,station_id|weekday|hour|is_holiday|temperature|humidity|rain|charge_count|s_price|e_price|station_avg_occupancy|station_avg_duration|is_morning_peak|is_evening_peak|poi_lifestyle_services_count|poi_business_residential_count,0.1286254396082754,0.5100388302348811,4.493300900001486
all_non_poi,,2,poi_total_count|poi_lifestyle_ratio,16,station_id|weekday|hour|is_holiday|temperature|humidity|rain|charge_count|s_price|e_price|station_avg_occupancy|station_avg_duration|is_morning_peak|is_evening_peak|poi_total_count|poi_lifestyle_ratio,0.12859316112983937,0.510034490781935,5.5204716000007465
all_non_poi,,2,poi_food_beverage_count|poi_business_residential_ratio,16,station_id|weekday|hour|is_holiday|temperature|humidity|rain|charge_count|s_price|e_price|station_avg_occupancy|station_avg_duration|is_morning_peak|is_evening_peak|poi_food_beverage_count|poi_business_residential_ratio,0.1285442116311176,0.5099978896027513,4.811005499999737
all_non_poi,,3,poi_business_residential_count|poi_business_residential_ratio|poi_food_beverage_ratio,17,station_id|weekday|hour|is_holiday|temperature|humidity|rain|charge_count|s_price|e_price|station_avg_occupancy|station_avg_duration|is_morning_peak|is_evening_peak|poi_business_residential_count|poi_business_residential_ratio|poi_food_beverage_ratio,0.1286051653585059,0.5099957841766783,4.517388899999787
no_evening_peak,is_evening_peak,3,poi_lifestyle_services_count|poi_lifestyle_ratio|poi_food_beverage_ratio,16,station_id|weekday|hour|is_holiday|temperature|humidity|rain|charge_count|s_price|e_price|station_avg_occupancy|station_avg_duration|is_morning_peak|poi_lifestyle_services_count|poi_lifestyle_ratio|poi_food_beverage_ratio,0.12848961118750385,0.5099923662624718,4.53881199999887
all_non_poi,,3,poi_lifestyle_services_count|poi_lifestyle_ratio|poi_business_residential_ratio,17,station_id|weekday|hour|is_holiday|temperature|humidity|rain|charge_count|s_price|e_price|station_avg_occupancy|station_avg_duration|is_morning_peak|is_evening_peak|poi_lifestyle_services_count|poi_lifestyle_ratio|poi_business_residential_ratio,0.12857032323100565,0.5099731945109444,4.400490700001683
no_evening_peak,is_evening_peak,2,poi_total_count|poi_lifestyle_services_count,15,station_id|weekday|hour|is_holiday|temperature|humidity|rain|charge_count|s_price|e_price|station_avg_occupancy|station_avg_duration|is_morning_peak|poi_total_count|poi_lifestyle_services_count,0.12867480134651627,0.5099717712440188,4.740203000001202
no_humidity_evening_peak,humidity|is_evening_peak,2,poi_lifestyle_services_count|poi_food_beverage_count,14,station_id|weekday|hour|is_holiday|temperature|rain|charge_count|s_price|e_price|station_avg_occupancy|station_avg_duration|is_morning_peak|poi_lifestyle_services_count|poi_food_beverage_count,0.1286297135873143,0.5099571518578478,4.7023116999989725
no_evening_peak,is_evening_peak,2,poi_total_count|poi_business_residential_count,15,station_id|weekday|hour|is_holiday|temperature|humidity|rain|charge_count|s_price|e_price|station_avg_occupancy|station_avg_duration|is_morning_peak|poi_total_count|poi_business_residential_count,0.12867440387413168,0.5099481607659508,4.577877100000478
all_non_poi,,3,poi_lifestyle_services_count|poi_food_beverage_count|poi_lifestyle_ratio,17,station_id|weekday|hour|is_holiday|temperature|humidity|rain|charge_count|s_price|e_price|station_avg_occupancy|station_avg_duration|is_morning_peak|is_evening_peak|poi_lifestyle_services_count|poi_food_beverage_count|poi_lifestyle_ratio,0.12862195939854446,0.5099473150421752,4.493971899999451
all_non_poi,,3,poi_total_count|poi_food_beverage_count|poi_lifestyle_ratio,17,station_id|weekday|hour|is_holiday|temperature|humidity|rain|charge_count|s_price|e_price|station_avg_occupancy|station_avg_duration|is_morning_peak|is_evening_peak|poi_total_count|poi_food_beverage_count|poi_lifestyle_ratio,0.12858269303629818,0.5099252108482994,4.438639100000728
all_non_poi,,2,poi_food_beverage_count|poi_lifestyle_ratio,16,station_id|weekday|hour|is_holiday|temperature|humidity|rain|charge_count|s_price|e_price|station_avg_occupancy|station_avg_duration|is_morning_peak|is_evening_peak|poi_food_beverage_count|poi_lifestyle_ratio,0.12852687287623027,0.5099181240489641,4.605506299998524
all_non_poi,,3,poi_lifestyle_services_count|poi_business_residential_ratio|poi_food_beverage_ratio,17,station_id|weekday|hour|is_holiday|temperature|humidity|rain|charge_count|s_price|e_price|station_avg_occupancy|station_avg_duration|is_morning_peak|is_evening_peak|poi_lifestyle_services_count|poi_business_residential_ratio|poi_food_beverage_ratio,0.12863942892517813,0.5099078073164636,4.268065899999783
no_evening_peak,is_evening_peak,3,poi_total_count|poi_business_residential_ratio|poi_food_beverage_ratio,16,station_id|weekday|hour|is_holiday|temperature|humidity|rain|charge_count|s_price|e_price|station_avg_occupancy|station_avg_duration|is_morning_peak|poi_total_count|poi_business_residential_ratio|poi_food_beverage_ratio,0.12862127588979685,0.5099020491436199,3.859571599998162
no_humidity,humidity,1,poi_total_count,14,station_id|weekday|hour|is_holiday|temperature|rain|charge_count|s_price|e_price|station_avg_occupancy|station_avg_duration|is_morning_peak|is_evening_peak|poi_total_count,0.12863377336680804,0.5099017375080849,4.238131499998417
all_non_poi,,2,poi_business_residential_count|poi_business_residential_ratio,16,station_id|weekday|hour|is_holiday|temperature|humidity|rain|charge_count|s_price|e_price|station_avg_occupancy|station_avg_duration|is_morning_peak|is_evening_peak|poi_business_residential_count|poi_business_residential_ratio,0.1285861467375954,0.5098430886790786,4.303303900000174
all_non_poi,,2,poi_business_residential_ratio|poi_food_beverage_ratio,16,station_id|weekday|hour|is_holiday|temperature|humidity|rain|charge_count|s_price|e_price|station_avg_occupancy|station_avg_duration|is_morning_peak|is_evening_peak|poi_business_residential_ratio|poi_food_beverage_ratio,0.12860839674997931,0.50983629877996,4.328289800003404
all_non_poi,,3,poi_business_residential_count|poi_food_beverage_count|poi_lifestyle_ratio,17,station_id|weekday|hour|is_holiday|temperature|humidity|rain|charge_count|s_price|e_price|station_avg_occupancy|station_avg_duration|is_morning_peak|is_evening_peak|poi_business_residential_count|poi_food_beverage_count|poi_lifestyle_ratio,0.128590006460615,0.5098301866280383,4.545633899997483
all_non_poi,,3,poi_total_count|poi_lifestyle_services_count|poi_business_residential_ratio,17,station_id|weekday|hour|is_holiday|temperature|humidity|rain|charge_count|s_price|e_price|station_avg_occupancy|station_avg_duration|is_morning_peak|is_evening_peak|poi_total_count|poi_lifestyle_services_count|poi_business_residential_ratio,0.12867735417244472,0.50980719253433,4.966802599999937
all_non_poi,,3,poi_total_count|poi_lifestyle_ratio|poi_food_beverage_ratio,17,station_id|weekday|hour|is_holiday|temperature|humidity|rain|charge_count|s_price|e_price|station_avg_occupancy|station_avg_duration|is_morning_peak|is_evening_peak|poi_total_count|poi_lifestyle_ratio|poi_food_beverage_ratio,0.12859810677264644,0.5097854549231915,4.535125899998093
all_non_poi,,3,poi_total_count|poi_lifestyle_services_count|poi_business_residential_count,17,station_id|weekday|hour|is_holiday|temperature|humidity|rain|charge_count|s_price|e_price|station_avg_occupancy|station_avg_duration|is_morning_peak|is_evening_peak|poi_total_count|poi_lifestyle_services_count|poi_business_residential_count,0.12868204781536427,0.5097718303237346,4.276968499998475
all_non_poi,,1,poi_lifestyle_ratio,15,station_id|weekday|hour|is_holiday|temperature|humidity|rain|charge_count|s_price|e_price|station_avg_occupancy|station_avg_duration|is_morning_peak|is_evening_peak|poi_lifestyle_ratio,0.12858681046858403,0.5097570652718242,4.418106299999636
no_evening_peak,is_evening_peak,2,poi_total_count|poi_business_residential_ratio,15,station_id|weekday|hour|is_holiday|temperature|humidity|rain|charge_count|s_price|e_price|station_avg_occupancy|station_avg_duration|is_morning_peak|poi_total_count|poi_business_residential_ratio,0.12858869060898043,0.5097497204818879,4.315801900000224
all_non_poi,,2,poi_business_residential_count|poi_food_beverage_count,16,station_id|weekday|hour|is_holiday|temperature|humidity|rain|charge_count|s_price|e_price|station_avg_occupancy|station_avg_duration|is_morning_peak|is_evening_peak|poi_business_residential_count|poi_food_beverage_count,0.12860022750237932,0.5097268090280564,4.376678799999354
all_non_poi,,3,poi_total_count|poi_food_beverage_count|poi_business_residential_ratio,17,station_id|weekday|hour|is_holiday|temperature|humidity|rain|charge_count|s_price|e_price|station_avg_occupancy|station_avg_duration|is_morning_peak|is_evening_peak|poi_total_count|poi_food_beverage_count|poi_business_residential_ratio,0.12864111519799412,0.5097105355659354,4.613297800002329
no_evening_peak,is_evening_peak,3,poi_total_count|poi_lifestyle_services_count|poi_food_beverage_ratio,16,station_id|weekday|hour|is_holiday|temperature|humidity|rain|charge_count|s_price|e_price|station_avg_occupancy|station_avg_duration|is_morning_peak|poi_total_count|poi_lifestyle_services_count|poi_food_beverage_ratio,0.12865259212528524,0.5097040081575779,4.379547399999865
all_non_poi,,3,poi_total_count|poi_business_residential_ratio|poi_food_beverage_ratio,17,station_id|weekday|hour|is_holiday|temperature|humidity|rain|charge_count|s_price|e_price|station_avg_occupancy|station_avg_duration|is_morning_peak|is_evening_peak|poi_total_count|poi_business_residential_ratio|poi_food_beverage_ratio,0.12871826013593698,0.5096898708610289,4.4921333999991475
no_evening_peak,is_evening_peak,3,poi_total_count|poi_lifestyle_ratio|poi_business_residential_ratio,16,station_id|weekday|hour|is_holiday|temperature|humidity|rain|charge_count|s_price|e_price|station_avg_occupancy|station_avg_duration|is_morning_peak|poi_total_count|poi_lifestyle_ratio|poi_business_residential_ratio,0.1286691931939717,0.5096549694244202,4.703857099997549
no_evening_peak,is_evening_peak,3,poi_business_residential_count|poi_food_beverage_count|poi_food_beverage_ratio,16,station_id|weekday|hour|is_holiday|temperature|humidity|rain|charge_count|s_price|e_price|station_avg_occupancy|station_avg_duration|is_morning_peak|poi_business_residential_count|poi_food_beverage_count|poi_food_beverage_ratio,0.12863493497737735,0.5096430278598981,4.424817600000097
no_evening_peak,is_evening_peak,3,poi_lifestyle_ratio|poi_business_residential_ratio|poi_food_beverage_ratio,16,station_id|weekday|hour|is_holiday|temperature|humidity|rain|charge_count|s_price|e_price|station_avg_occupancy|station_avg_duration|is_morning_peak|poi_lifestyle_ratio|poi_business_residential_ratio|poi_food_beverage_ratio,0.12857505208648276,0.5096353677896817,5.137671399999817
all_non_poi,,3,poi_lifestyle_services_count|poi_business_residential_count|poi_food_beverage_ratio,17,station_id|weekday|hour|is_holiday|temperature|humidity|rain|charge_count|s_price|e_price|station_avg_occupancy|station_avg_duration|is_morning_peak|is_evening_peak|poi_lifestyle_services_count|poi_business_residential_count|poi_food_beverage_ratio,0.12870724394439464,0.509626952952068,4.612047399998119
all_non_poi,,3,poi_total_count|poi_lifestyle_services_count|poi_food_beverage_ratio,17,station_id|weekday|hour|is_holiday|temperature|humidity|rain|charge_count|s_price|e_price|station_avg_occupancy|station_avg_duration|is_morning_peak|is_evening_peak|poi_total_count|poi_lifestyle_services_count|poi_food_beverage_ratio,0.12870906519982994,0.5096234697903359,4.980179199999839
no_humidity,humidity,1,poi_food_beverage_count,14,station_id|weekday|hour|is_holiday|temperature|rain|charge_count|s_price|e_price|station_avg_occupancy|station_avg_duration|is_morning_peak|is_evening_peak|poi_food_beverage_count,0.12867723686307314,0.5096164223971823,4.066508899999462
no_evening_peak,is_evening_peak,3,poi_business_residential_count|poi_food_beverage_count|poi_lifestyle_ratio,16,station_id|weekday|hour|is_holiday|temperature|humidity|rain|charge_count|s_price|e_price|station_avg_occupancy|station_avg_duration|is_morning_peak|poi_business_residential_count|poi_food_beverage_count|poi_lifestyle_ratio,0.12855063452782908,0.5096099999910654,4.554697399998986
all_non_poi,,2,poi_total_count|poi_lifestyle_services_count,16,station_id|weekday|hour|is_holiday|temperature|humidity|rain|charge_count|s_price|e_price|station_avg_occupancy|station_avg_duration|is_morning_peak|is_evening_peak|poi_total_count|poi_lifestyle_services_count,0.12871046030271108,0.5095817086212213,5.804181500003324
no_humidity_evening_peak,humidity|is_evening_peak,2,poi_lifestyle_ratio|poi_food_beverage_ratio,14,station_id|weekday|hour|is_holiday|temperature|rain|charge_count|s_price|e_price|station_avg_occupancy|station_avg_duration|is_morning_peak|poi_lifestyle_ratio|poi_food_beverage_ratio,0.12858587991391812,0.509578256439316,4.78547239999898
no_evening_peak,is_evening_peak,3,poi_food_beverage_count|poi_lifestyle_ratio|poi_business_residential_ratio,16,station_id|weekday|hour|is_holiday|temperature|humidity|rain|charge_count|s_price|e_price|station_avg_occupancy|station_avg_duration|is_morning_peak|poi_food_beverage_count|poi_lifestyle_ratio|poi_business_residential_ratio,0.12852502945022748,0.5095776804434602,5.170231600000989
no_evening_peak,is_evening_peak,3,poi_total_count|poi_lifestyle_ratio|poi_food_beverage_ratio,16,station_id|weekday|hour|is_holiday|temperature|humidity|rain|charge_count|s_price|e_price|station_avg_occupancy|station_avg_duration|is_morning_peak|poi_total_count|poi_lifestyle_ratio|poi_food_beverage_ratio,0.12857741660241018,0.5095620050081762,4.582157199998619
no_evening_peak,is_evening_peak,3,poi_business_residential_count|poi_lifestyle_ratio|poi_business_residential_ratio,16,station_id|weekday|hour|is_holiday|temperature|humidity|rain|charge_count|s_price|e_price|station_avg_occupancy|station_avg_duration|is_morning_peak|poi_business_residential_count|poi_lifestyle_ratio|poi_business_residential_ratio,0.12858011626140908,0.509556899584779,4.597933100001683
no_humidity,humidity,1,poi_food_beverage_ratio,14,station_id|weekday|hour|is_holiday|temperature|rain|charge_count|s_price|e_price|station_avg_occupancy|station_avg_duration|is_morning_peak|is_evening_peak|poi_food_beverage_ratio,0.12872131054235278,0.5095536468691713,4.825424999999086
no_evening_peak,is_evening_peak,2,poi_business_residential_count|poi_lifestyle_ratio,15,station_id|weekday|hour|is_holiday|temperature|humidity|rain|charge_count|s_price|e_price|station_avg_occupancy|station_avg_duration|is_morning_peak|poi_business_residential_count|poi_lifestyle_ratio,0.12860207125653517,0.5095488867021247,5.019094600000244
all_non_poi,,3,poi_total_count|poi_business_residential_count|poi_lifestyle_ratio,17,station_id|weekday|hour|is_holiday|temperature|humidity|rain|charge_count|s_price|e_price|station_avg_occupancy|station_avg_duration|is_morning_peak|is_evening_peak|poi_total_count|poi_business_residential_count|poi_lifestyle_ratio,0.12857006966297274,0.5095438259134315,4.6332905999988725
no_humidity,humidity,1,poi_lifestyle_ratio,14,station_id|weekday|hour|is_holiday|temperature|rain|charge_count|s_price|e_price|station_avg_occupancy|station_avg_duration|is_morning_peak|is_evening_peak|poi_lifestyle_ratio,0.12852854624393217,0.5095404249783249,3.7372874000029697
no_evening_peak,is_evening_peak,3,poi_food_beverage_count|poi_business_residential_ratio|poi_food_beverage_ratio,16,station_id|weekday|hour|is_holiday|temperature|humidity|rain|charge_count|s_price|e_price|station_avg_occupancy|station_avg_duration|is_morning_peak|poi_food_beverage_count|poi_business_residential_ratio|poi_food_beverage_ratio,0.12853481339897885,0.5095230657572962,5.090060200000153
no_humidity,humidity,0,,13,station_id|weekday|hour|is_holiday|temperature|rain|charge_count|s_price|e_price|station_avg_occupancy|station_avg_duration|is_morning_peak|is_evening_peak,0.12870720686929604,0.5095158960173396,4.202560500001709
all_non_poi,,2,poi_business_residential_count|poi_lifestyle_ratio,16,station_id|weekday|hour|is_holiday|temperature|humidity|rain|charge_count|s_price|e_price|station_avg_occupancy|station_avg_duration|is_morning_peak|is_evening_peak|poi_business_residential_count|poi_lifestyle_ratio,0.12859521524579473,0.5095065949747937,4.479569999999512
all_non_poi,,3,poi_total_count|poi_business_residential_count|poi_business_residential_ratio,17,station_id|weekday|hour|is_holiday|temperature|humidity|rain|charge_count|s_price|e_price|station_avg_occupancy|station_avg_duration|is_morning_peak|is_evening_peak|poi_total_count|poi_business_residential_count|poi_business_residential_ratio,0.12868492905559803,0.5094654224585694,4.947982499998034
all_non_poi,,1,poi_total_count,15,station_id|weekday|hour|is_holiday|temperature|humidity|rain|charge_count|s_price|e_price|station_avg_occupancy|station_avg_duration|is_morning_peak|is_evening_peak|poi_total_count,0.12869415566694128,0.5094098584755304,4.165740299999015
all_non_poi,,3,poi_food_beverage_count|poi_lifestyle_ratio|poi_food_beverage_ratio,17,station_id|weekday|hour|is_holiday|temperature|humidity|rain|charge_count|s_price|e_price|station_avg_occupancy|station_avg_duration|is_morning_peak|is_evening_peak|poi_food_beverage_count|poi_lifestyle_ratio|poi_food_beverage_ratio,0.12876200454501516,0.509378443708089,5.685252100000071
no_evening_peak,is_evening_peak,2,poi_total_count|poi_food_beverage_count,15,station_id|weekday|hour|is_holiday|temperature|humidity|rain|charge_count|s_price|e_price|station_avg_occupancy|station_avg_duration|is_morning_peak|poi_total_count|poi_food_beverage_count,0.1286971178721047,0.509364350901053,4.446159999999509
no_evening_peak,is_evening_peak,2,poi_lifestyle_ratio|poi_food_beverage_ratio,15,station_id|weekday|hour|is_holiday|temperature|humidity|rain|charge_count|s_price|e_price|station_avg_occupancy|station_avg_duration|is_morning_peak|poi_lifestyle_ratio|poi_food_beverage_ratio,0.1287160249675309,0.5093539980095678,5.731346900000062
all_non_poi,,3,poi_business_residential_count|poi_food_beverage_count|poi_business_residential_ratio,17,station_id|weekday|hour|is_holiday|temperature|humidity|rain|charge_count|s_price|e_price|station_avg_occupancy|station_avg_duration|is_morning_peak|is_evening_peak|poi_business_residential_count|poi_food_beverage_count|poi_business_residential_ratio,0.12870671384598578,0.5093484063881957,4.9219042000004265
all_non_poi,,3,poi_lifestyle_services_count|poi_business_residential_count|poi_food_beverage_count,17,station_id|weekday|hour|is_holiday|temperature|humidity|rain|charge_count|s_price|e_price|station_avg_occupancy|station_avg_duration|is_morning_peak|is_evening_peak|poi_lifestyle_services_count|poi_business_residential_count|poi_food_beverage_count,0.12881119392493462,0.5093474515164764,4.326689700003044
no_evening_peak,is_evening_peak,1,poi_business_residential_count,14,station_id|weekday|hour|is_holiday|temperature|humidity|rain|charge_count|s_price|e_price|station_avg_occupancy|station_avg_duration|is_morning_peak|poi_business_residential_count,0.12866248709624445,0.5093454407860393,4.754214199998387
no_humidity,humidity,1,poi_business_residential_count,14,station_id|weekday|hour|is_holiday|temperature|rain|charge_count|s_price|e_price|station_avg_occupancy|station_avg_duration|is_morning_peak|is_evening_peak|poi_business_residential_count,0.12867044022846394,0.5093313691454142,4.587658899999951
no_evening_peak,is_evening_peak,2,poi_business_residential_count|poi_food_beverage_count,15,station_id|weekday|hour|is_holiday|temperature|humidity|rain|charge_count|s_price|e_price|station_avg_occupancy|station_avg_duration|is_morning_peak|poi_business_residential_count|poi_food_beverage_count,0.12877177062835013,0.5093248129634851,4.9791160999993735
all_non_poi,,3,poi_total_count|poi_business_residential_count|poi_food_beverage_ratio,17,station_id|weekday|hour|is_holiday|temperature|humidity|rain|charge_count|s_price|e_price|station_avg_occupancy|station_avg_duration|is_morning_peak|is_evening_peak|poi_total_count|poi_business_residential_count|poi_food_beverage_ratio,0.12879356245965218,0.5093180618948078,4.406502800000453
all_non_poi,,2,poi_lifestyle_ratio|poi_food_beverage_ratio,16,station_id|weekday|hour|is_holiday|temperature|humidity|rain|charge_count|s_price|e_price|station_avg_occupancy|station_avg_duration|is_morning_peak|is_evening_peak|poi_lifestyle_ratio|poi_food_beverage_ratio,0.12862902591534767,0.509306374236474,4.359667600001558
all_non_poi,,1,poi_business_residential_count,15,station_id|weekday|hour|is_holiday|temperature|humidity|rain|charge_count|s_price|e_price|station_avg_occupancy|station_avg_duration|is_morning_peak|is_evening_peak|poi_business_residential_count,0.12870577964312485,0.5092902441646676,3.1012644999973418
all_non_poi,,3,poi_food_beverage_count|poi_business_residential_ratio|poi_food_beverage_ratio,17,station_id|weekday|hour|is_holiday|temperature|humidity|rain|charge_count|s_price|e_price|station_avg_occupancy|station_avg_duration|is_morning_peak|is_evening_peak|poi_food_beverage_count|poi_business_residential_ratio|poi_food_beverage_ratio,0.12876645050181182,0.5092733119179921,4.461012499999924
no_evening_peak,is_evening_peak,2,poi_food_beverage_count|poi_business_residential_ratio,15,station_id|weekday|hour|is_holiday|temperature|humidity|rain|charge_count|s_price|e_price|station_avg_occupancy|station_avg_duration|is_morning_peak|poi_food_beverage_count|poi_business_residential_ratio,0.12872567786532166,0.5092087433794936,4.955062699998962
all_non_poi,,2,poi_total_count|poi_food_beverage_count,16,station_id|weekday|hour|is_holiday|temperature|humidity|rain|charge_count|s_price|e_price|station_avg_occupancy|station_avg_duration|is_morning_peak|is_evening_peak|poi_total_count|poi_food_beverage_count,0.1287225422412753,0.5091696150525227,4.474046899998939
all_non_poi,,2,poi_total_count|poi_food_beverage_ratio,16,station_id|weekday|hour|is_holiday|temperature|humidity|rain|charge_count|s_price|e_price|station_avg_occupancy|station_avg_duration|is_morning_peak|is_evening_peak|poi_total_count|poi_food_beverage_ratio,0.12872274143849882,0.5090857732298999,4.715064099997107
no_humidity_evening_peak,humidity|is_evening_peak,0,,12,station_id|weekday|hour|is_holiday|temperature|rain|charge_count|s_price|e_price|station_avg_occupancy|station_avg_duration|is_morning_peak,0.12872973026022894,0.5090751787069999,4.575036300000647
all_non_poi,,3,poi_food_beverage_count|poi_lifestyle_ratio|poi_business_residential_ratio,17,station_id|weekday|hour|is_holiday|temperature|humidity|rain|charge_count|s_price|e_price|station_avg_occupancy|station_avg_duration|is_morning_peak|is_evening_peak|poi_food_beverage_count|poi_lifestyle_ratio|poi_business_residential_ratio,0.12865431243278314,0.5090637403793039,6.843274300001212
all_non_poi,,1,poi_lifestyle_services_count,15,station_id|weekday|hour|is_holiday|temperature|humidity|rain|charge_count|s_price|e_price|station_avg_occupancy|station_avg_duration|is_morning_peak|is_evening_peak|poi_lifestyle_services_count,0.12869768123920033,0.5090632877404366,3.364047800001572
no_evening_peak,is_evening_peak,3,poi_food_beverage_count|poi_lifestyle_ratio|poi_food_beverage_ratio,16,station_id|weekday|hour|is_holiday|temperature|humidity|rain|charge_count|s_price|e_price|station_avg_occupancy|station_avg_duration|is_morning_peak|poi_food_beverage_count|poi_lifestyle_ratio|poi_food_beverage_ratio,0.12863888400256315,0.5090465015156622,5.139915299998393
all_non_poi,,2,poi_lifestyle_services_count|poi_food_beverage_ratio,16,station_id|weekday|hour|is_holiday|temperature|humidity|rain|charge_count|s_price|e_price|station_avg_occupancy|station_avg_duration|is_morning_peak|is_evening_peak|poi_lifestyle_services_count|poi_food_beverage_ratio,0.12873212259705763,0.5089760525824989,4.22380720000001
all_non_poi,,2,poi_lifestyle_services_count|poi_food_beverage_count,16,station_id|weekday|hour|is_holiday|temperature|humidity|rain|charge_count|s_price|e_price|station_avg_occupancy|station_avg_duration|is_morning_peak|is_evening_peak|poi_lifestyle_services_count|poi_food_beverage_count,0.12879477128270603,0.5089733272303577,4.665486300000339
all_non_poi,,1,poi_business_residential_ratio,15,station_id|weekday|hour|is_holiday|temperature|humidity|rain|charge_count|s_price|e_price|station_avg_occupancy|station_avg_duration|is_morning_peak|is_evening_peak|poi_business_residential_ratio,0.12881698580153597,0.5089368756572428,3.662753900000098
all_non_poi,,2,poi_business_residential_count|poi_food_beverage_ratio,16,station_id|weekday|hour|is_holiday|temperature|humidity|rain|charge_count|s_price|e_price|station_avg_occupancy|station_avg_duration|is_morning_peak|is_evening_peak|poi_business_residential_count|poi_food_beverage_ratio,0.12876341635158933,0.5089192032983194,3.4102318000004743
no_humidity,humidity,1,poi_business_residential_ratio,14,station_id|weekday|hour|is_holiday|temperature|rain|charge_count|s_price|e_price|station_avg_occupancy|station_avg_duration|is_morning_peak|is_evening_peak|poi_business_residential_ratio,0.12875644626902003,0.5089176793273412,3.8937284000021464
no_humidity_evening_peak,humidity|is_evening_peak,2,poi_food_beverage_count|poi_food_beverage_ratio,14,station_id|weekday|hour|is_holiday|temperature|rain|charge_count|s_price|e_price|station_avg_occupancy|station_avg_duration|is_morning_peak|poi_food_beverage_count|poi_food_beverage_ratio,0.1288172229427311,0.5088986786513947,5.365162599999167
all_non_poi,,2,poi_lifestyle_ratio|poi_business_residential_ratio,16,station_id|weekday|hour|is_holiday|temperature|humidity|rain|charge_count|s_price|e_price|station_avg_occupancy|station_avg_duration|is_morning_peak|is_evening_peak|poi_lifestyle_ratio|poi_business_residential_ratio,0.1286408302288951,0.5088785286541542,4.213997599999857
all_non_poi,,3,poi_business_residential_count|poi_lifestyle_ratio|poi_food_beverage_ratio,17,station_id|weekday|hour|is_holiday|temperature|humidity|rain|charge_count|s_price|e_price|station_avg_occupancy|station_avg_duration|is_morning_peak|is_evening_peak|poi_business_residential_count|poi_lifestyle_ratio|poi_food_beverage_ratio,0.12866500083811494,0.5088563306657236,4.348293600000034
no_evening_peak,is_evening_peak,2,poi_food_beverage_count|poi_food_beverage_ratio,15,station_id|weekday|hour|is_holiday|temperature|humidity|rain|charge_count|s_price|e_price|station_avg_occupancy|station_avg_duration|is_morning_peak|poi_food_beverage_count|poi_food_beverage_ratio,0.12880633549006046,0.5088387508948822,5.392242400001123
no_evening_peak,is_evening_peak,2,poi_lifestyle_services_count|poi_food_beverage_ratio,15,station_id|weekday|hour|is_holiday|temperature|humidity|rain|charge_count|s_price|e_price|station_avg_occupancy|station_avg_duration|is_morning_peak|poi_lifestyle_services_count|poi_food_beverage_ratio,0.12882897285827904,0.5088113190125001,5.51879370000097
no_evening_peak,is_evening_peak,3,poi_lifestyle_services_count|poi_food_beverage_count|poi_food_beverage_ratio,16,station_id|weekday|hour|is_holiday|temperature|humidity|rain|charge_count|s_price|e_price|station_avg_occupancy|station_avg_duration|is_morning_peak|poi_lifestyle_services_count|poi_food_beverage_count|poi_food_beverage_ratio,0.12878338563269429,0.5087833769240118,4.6644118999975035
no_evening_peak,is_evening_peak,3,poi_total_count|poi_food_beverage_count|poi_food_beverage_ratio,16,station_id|weekday|hour|is_holiday|temperature|humidity|rain|charge_count|s_price|e_price|station_avg_occupancy|station_avg_duration|is_morning_peak|poi_total_count|poi_food_beverage_count|poi_food_beverage_ratio,0.12883676322735835,0.5087804196426747,6.30502659999911
no_evening_peak,is_evening_peak,1,poi_lifestyle_ratio,14,station_id|weekday|hour|is_holiday|temperature|humidity|rain|charge_count|s_price|e_price|station_avg_occupancy|station_avg_duration|is_morning_peak|poi_lifestyle_ratio,0.12873008813508233,0.5087804058575741,5.209801400000288
all_non_poi,,3,poi_total_count|poi_business_residential_count|poi_food_beverage_count,17,station_id|weekday|hour|is_holiday|temperature|humidity|rain|charge_count|s_price|e_price|station_avg_occupancy|station_avg_duration|is_morning_peak|is_evening_peak|poi_total_count|poi_business_residential_count|poi_food_beverage_count,0.12889898391320745,0.5087803942116271,4.236675000000105
no_evening_peak,is_evening_peak,2,poi_food_beverage_count|poi_lifestyle_ratio,15,station_id|weekday|hour|is_holiday|temperature|humidity|rain|charge_count|s_price|e_price|station_avg_occupancy|station_avg_duration|is_morning_peak|poi_food_beverage_count|poi_lifestyle_ratio,0.128748014954633,0.5087391687457115,5.199182100001053
no_evening_peak,is_evening_peak,2,poi_lifestyle_services_count|poi_lifestyle_ratio,15,station_id|weekday|hour|is_holiday|temperature|humidity|rain|charge_count|s_price|e_price|station_avg_occupancy|station_avg_duration|is_morning_peak|poi_lifestyle_services_count|poi_lifestyle_ratio,0.12881157148208333,0.508732102724281,6.797865900000033
all_non_poi,,3,poi_business_residential_count|poi_food_beverage_count|poi_food_beverage_ratio,17,station_id|weekday|hour|is_holiday|temperature|humidity|rain|charge_count|s_price|e_price|station_avg_occupancy|station_avg_duration|is_morning_peak|is_evening_peak|poi_business_residential_count|poi_food_beverage_count|poi_food_beverage_ratio,0.12888579071989983,0.5087297138362872,4.543326499999239
no_evening_peak,is_evening_peak,1,poi_total_count,14,station_id|weekday|hour|is_holiday|temperature|humidity|rain|charge_count|s_price|e_price|station_avg_occupancy|station_avg_duration|is_morning_peak|poi_total_count,0.12876528950853014,0.5087231966139363,5.112283099999331
no_evening_peak,is_evening_peak,1,poi_food_beverage_count,14,station_id|weekday|hour|is_holiday|temperature|humidity|rain|charge_count|s_price|e_price|station_avg_occupancy|station_avg_duration|is_morning_peak|poi_food_beverage_count,0.12895825239646555,0.5086477420520811,5.150502899999992
no_evening_peak,is_evening_peak,2,poi_lifestyle_services_count|poi_food_beverage_count,15,station_id|weekday|hour|is_holiday|temperature|humidity|rain|charge_count|s_price|e_price|station_avg_occupancy|station_avg_duration|is_morning_peak|poi_lifestyle_services_count|poi_food_beverage_count,0.12885117265186735,0.5085819287259898,7.436654000000999
all_non_poi,,3,poi_total_count|poi_food_beverage_count|poi_food_beverage_ratio,17,station_id|weekday|hour|is_holiday|temperature|humidity|rain|charge_count|s_price|e_price|station_avg_occupancy|station_avg_duration|is_morning_peak|is_evening_peak|poi_total_count|poi_food_beverage_count|poi_food_beverage_ratio,0.12892144497881616,0.5085646332096625,4.717252300000837
all_non_poi,,3,poi_lifestyle_ratio|poi_business_residential_ratio|poi_food_beverage_ratio,17,station_id|weekday|hour|is_holiday|temperature|humidity|rain|charge_count|s_price|e_price|station_avg_occupancy|station_avg_duration|is_morning_peak|is_evening_peak|poi_lifestyle_ratio|poi_business_residential_ratio|poi_food_beverage_ratio,0.12879700738237942,0.5085237867016867,4.367223900000681
all_non_poi,,1,poi_food_beverage_ratio,15,station_id|weekday|hour|is_holiday|temperature|humidity|rain|charge_count|s_price|e_price|station_avg_occupancy|station_avg_duration|is_morning_peak|is_evening_peak|poi_food_beverage_ratio,0.1288670326718005,0.5084694760414967,5.058760400002939
no_evening_peak,is_evening_peak,1,poi_food_beverage_ratio,14,station_id|weekday|hour|is_holiday|temperature|humidity|rain|charge_count|s_price|e_price|station_avg_occupancy|station_avg_duration|is_morning_peak|poi_food_beverage_ratio,0.12890855251649005,0.5084568553644593,4.983419899999717
all_non_poi,,3,poi_total_count|poi_lifestyle_services_count|poi_food_beverage_count,17,station_id|weekday|hour|is_holiday|temperature|humidity|rain|charge_count|s_price|e_price|station_avg_occupancy|station_avg_duration|is_morning_peak|is_evening_peak|poi_total_count|poi_lifestyle_services_count|poi_food_beverage_count,0.1289308245915485,0.5084085296175782,4.9028395999994245
no_evening_peak,is_evening_peak,2,poi_total_count|poi_food_beverage_ratio,15,station_id|weekday|hour|is_holiday|temperature|humidity|rain|charge_count|s_price|e_price|station_avg_occupancy|station_avg_duration|is_morning_peak|poi_total_count|poi_food_beverage_ratio,0.12894360690265946,0.5081832254017684,5.173737199998868
all_non_poi,,2,poi_food_beverage_count|poi_food_beverage_ratio,16,station_id|weekday|hour|is_holiday|temperature|humidity|rain|charge_count|s_price|e_price|station_avg_occupancy|station_avg_duration|is_morning_peak|is_evening_peak|poi_food_beverage_count|poi_food_beverage_ratio,0.12892750915174708,0.5081388526325348,4.474781299999449
no_evening_peak,is_evening_peak,1,poi_lifestyle_services_count,14,station_id|weekday|hour|is_holiday|temperature|humidity|rain|charge_count|s_price|e_price|station_avg_occupancy|station_avg_duration|is_morning_peak|poi_lifestyle_services_count,0.12894532765802125,0.5081023789719216,4.619191400001
all_non_poi,,3,poi_lifestyle_services_count|poi_food_beverage_count|poi_food_beverage_ratio,17,station_id|weekday|hour|is_holiday|temperature|humidity|rain|charge_count|s_price|e_price|station_avg_occupancy|station_avg_duration|is_morning_peak|is_evening_peak|poi_lifestyle_services_count|poi_food_beverage_count|poi_food_beverage_ratio,0.12891022539790922,0.5079968087006954,4.29734660000031
no_evening_peak,is_evening_peak,1,poi_business_residential_ratio,14,station_id|weekday|hour|is_holiday|temperature|humidity|rain|charge_count|s_price|e_price|station_avg_occupancy|station_avg_duration|is_morning_peak|poi_business_residential_ratio,0.12887366027734562,0.5077915717246785,4.5369110999999975
all_non_poi,,1,poi_food_beverage_count,15,station_id|weekday|hour|is_holiday|temperature|humidity|rain|charge_count|s_price|e_price|station_avg_occupancy|station_avg_duration|is_morning_peak|is_evening_peak|poi_food_beverage_count,0.12894883929919188,0.5077477733575926,4.984015800000634
all_non_poi,,0,,14,station_id|weekday|hour|is_holiday|temperature|humidity|rain|charge_count|s_price|e_price|station_avg_occupancy|station_avg_duration|is_morning_peak|is_evening_peak,0.12900569484116614,0.50768517323698,4.391848100000061
no_evening_peak,is_evening_peak,0,,13,station_id|weekday|hour|is_holiday|temperature|humidity|rain|charge_count|s_price|e_price|station_avg_occupancy|station_avg_duration|is_morning_peak,0.12930483043813704,0.5058291732529222,4.59634670000014
