neighbor_scenario,neighbor_feature_count,neighbor_features,features,feature_list,mae,r2,elapsed_seconds
radius_3000m,2,neighbor_avg_distance_m|neighbor_avg_station_occupancy,16,station_id|weekday|hour|is_holiday|temperature|rain|charge_count|s_price|e_price|station_avg_occupancy|station_avg_duration|poi_lifestyle_services_count|poi_lifestyle_ratio|poi_business_residential_ratio|neighbor_avg_distance_m|neighbor_avg_station_occupancy,0.12770382361765956,0.5153477242747528,5.481069599998591
radius_3000m,3,neighbor_avg_distance_m|neighbor_max_station_occupancy|neighbor_avg_peak_occupancy,17,station_id|weekday|hour|is_holiday|temperature|rain|charge_count|s_price|e_price|station_avg_occupancy|station_avg_duration|poi_lifestyle_services_count|poi_lifestyle_ratio|poi_business_residential_ratio|neighbor_avg_distance_m|neighbor_max_station_occupancy|neighbor_avg_peak_occupancy,0.12766143327741408,0.5151977019723851,3.6433989999968617
radius_3000m,2,neighbor_count|neighbor_avg_station_occupancy,16,station_id|weekday|hour|is_holiday|temperature|rain|charge_count|s_price|e_price|station_avg_occupancy|station_avg_duration|poi_lifestyle_services_count|poi_lifestyle_ratio|poi_business_residential_ratio|neighbor_count|neighbor_avg_station_occupancy,0.1275803446624276,0.5150909730964083,4.999639200003003
radius_3000m,2,neighbor_avg_station_occupancy|neighbor_avg_duration,16,station_id|weekday|hour|is_holiday|temperature|rain|charge_count|s_price|e_price|station_avg_occupancy|station_avg_duration|poi_lifestyle_services_count|poi_lifestyle_ratio|poi_business_residential_ratio|neighbor_avg_station_occupancy|neighbor_avg_duration,0.12779450171300782,0.5150885355682608,5.189701600000262
radius_3000m,2,neighbor_avg_station_occupancy|neighbor_avg_charge_count,16,station_id|weekday|hour|is_holiday|temperature|rain|charge_count|s_price|e_price|station_avg_occupancy|station_avg_duration|poi_lifestyle_services_count|poi_lifestyle_ratio|poi_business_residential_ratio|neighbor_avg_station_occupancy|neighbor_avg_charge_count,0.12769358952555723,0.5149963625147251,5.143104599999788
radius_3000m,2,neighbor_avg_distance_m|neighbor_avg_duration,16,station_id|weekday|hour|is_holiday|temperature|rain|charge_count|s_price|e_price|station_avg_occupancy|station_avg_duration|poi_lifestyle_services_count|poi_lifestyle_ratio|poi_business_residential_ratio|neighbor_avg_distance_m|neighbor_avg_duration,0.12770352678907168,0.5149632386542533,4.821841900000436
radius_3000m,2,neighbor_avg_distance_m|neighbor_avg_charge_count,16,station_id|weekday|hour|is_holiday|temperature|rain|charge_count|s_price|e_price|station_avg_occupancy|station_avg_duration|poi_lifestyle_services_count|poi_lifestyle_ratio|poi_business_residential_ratio|neighbor_avg_distance_m|neighbor_avg_charge_count,0.1277845648253793,0.5149009092860746,5.532906399999774
radius_3000m,3,neighbor_avg_distance_m|neighbor_avg_peak_occupancy|neighbor_avg_duration,17,station_id|weekday|hour|is_holiday|temperature|rain|charge_count|s_price|e_price|station_avg_occupancy|station_avg_duration|poi_lifestyle_services_count|poi_lifestyle_ratio|poi_business_residential_ratio|neighbor_avg_distance_m|neighbor_avg_peak_occupancy|neighbor_avg_duration,0.12775092199046367,0.5146980694285417,5.03152019999834
radius_3000m,1,neighbor_avg_duration,15,station_id|weekday|hour|is_holiday|temperature|rain|charge_count|s_price|e_price|station_avg_occupancy|station_avg_duration|poi_lifestyle_services_count|poi_lifestyle_ratio|poi_business_residential_ratio|neighbor_avg_duration,0.12783651609488464,0.5146754414141135,5.415213800002675
radius_3000m,3,neighbor_avg_distance_m|neighbor_avg_station_occupancy|neighbor_avg_duration,17,station_id|weekday|hour|is_holiday|temperature|rain|charge_count|s_price|e_price|station_avg_occupancy|station_avg_duration|poi_lifestyle_services_count|poi_lifestyle_ratio|poi_business_residential_ratio|neighbor_avg_distance_m|neighbor_avg_station_occupancy|neighbor_avg_duration,0.12776858918961173,0.514641248644409,4.978218399999605
radius_3000m,2,neighbor_avg_peak_occupancy|neighbor_avg_charge_count,16,station_id|weekday|hour|is_holiday|temperature|rain|charge_count|s_price|e_price|station_avg_occupancy|station_avg_duration|poi_lifestyle_services_count|poi_lifestyle_ratio|poi_business_residential_ratio|neighbor_avg_peak_occupancy|neighbor_avg_charge_count,0.1278372083682438,0.5146132468692288,4.099932099998114
radius_3000m,2,neighbor_avg_distance_m|neighbor_avg_peak_occupancy,16,station_id|weekday|hour|is_holiday|temperature|rain|charge_count|s_price|e_price|station_avg_occupancy|station_avg_duration|poi_lifestyle_services_count|poi_lifestyle_ratio|poi_business_residential_ratio|neighbor_avg_distance_m|neighbor_avg_peak_occupancy,0.12772646469152418,0.5145822066107149,5.4416999999994005
radius_3000m,3,neighbor_count|neighbor_avg_station_occupancy|neighbor_avg_charge_count,17,station_id|weekday|hour|is_holiday|temperature|rain|charge_count|s_price|e_price|station_avg_occupancy|station_avg_duration|poi_lifestyle_services_count|poi_lifestyle_ratio|poi_business_residential_ratio|neighbor_count|neighbor_avg_station_occupancy|neighbor_avg_charge_count,0.12786256376999935,0.5145465858647782,5.650056399997993
radius_3000m,2,neighbor_avg_peak_occupancy|neighbor_avg_duration,16,station_id|weekday|hour|is_holiday|temperature|rain|charge_count|s_price|e_price|station_avg_occupancy|station_avg_duration|poi_lifestyle_services_count|poi_lifestyle_ratio|poi_business_residential_ratio|neighbor_avg_peak_occupancy|neighbor_avg_duration,0.12787297381657747,0.5144066828886289,4.832581800001208
radius_3000m,2,neighbor_count|neighbor_avg_duration,16,station_id|weekday|hour|is_holiday|temperature|rain|charge_count|s_price|e_price|station_avg_occupancy|station_avg_duration|poi_lifestyle_services_count|poi_lifestyle_ratio|poi_business_residential_ratio|neighbor_count|neighbor_avg_duration,0.12780616874720918,0.514404142286281,4.590835599999991
radius_3000m,3,neighbor_avg_station_occupancy|neighbor_max_station_occupancy|neighbor_avg_charge_count,17,station_id|weekday|hour|is_holiday|temperature|rain|charge_count|s_price|e_price|station_avg_occupancy|station_avg_duration|poi_lifestyle_services_count|poi_lifestyle_ratio|poi_business_residential_ratio|neighbor_avg_station_occupancy|neighbor_max_station_occupancy|neighbor_avg_charge_count,0.12780510229802014,0.5143976737978491,5.2664989000004425
radius_3000m,3,neighbor_count|neighbor_avg_peak_occupancy|neighbor_avg_charge_count,17,station_id|weekday|hour|is_holiday|temperature|rain|charge_count|s_price|e_price|station_avg_occupancy|station_avg_duration|poi_lifestyle_services_count|poi_lifestyle_ratio|poi_business_residential_ratio|neighbor_count|neighbor_avg_peak_occupancy|neighbor_avg_charge_count,0.12778893301911412,0.5143713320789095,5.046288399997138
radius_3000m,3,neighbor_avg_peak_occupancy|neighbor_avg_duration|neighbor_avg_charge_count,17,station_id|weekday|hour|is_holiday|temperature|rain|charge_count|s_price|e_price|station_avg_occupancy|station_avg_duration|poi_lifestyle_services_count|poi_lifestyle_ratio|poi_business_residential_ratio|neighbor_avg_peak_occupancy|neighbor_avg_duration|neighbor_avg_charge_count,0.12782739574206645,0.5143419692294502,5.675250700001925
radius_3000m,3,neighbor_count|neighbor_avg_station_occupancy|neighbor_avg_peak_occupancy,17,station_id|weekday|hour|is_holiday|temperature|rain|charge_count|s_price|e_price|station_avg_occupancy|station_avg_duration|poi_lifestyle_services_count|poi_lifestyle_ratio|poi_business_residential_ratio|neighbor_count|neighbor_avg_station_occupancy|neighbor_avg_peak_occupancy,0.12776504506194603,0.5143309268186755,5.060242800002015
radius_3000m,3,neighbor_avg_distance_m|neighbor_max_station_occupancy|neighbor_avg_same_hour_occupancy,17,station_id|weekday|hour|is_holiday|temperature|rain|charge_count|s_price|e_price|station_avg_occupancy|station_avg_duration|poi_lifestyle_services_count|poi_lifestyle_ratio|poi_business_residential_ratio|neighbor_avg_distance_m|neighbor_max_station_occupancy|neighbor_avg_same_hour_occupancy,0.12774656379101704,0.5143111309297785,6.396209999998973
radius_3000m,3,neighbor_avg_distance_m|neighbor_avg_station_occupancy|neighbor_avg_peak_occupancy,17,station_id|weekday|hour|is_holiday|temperature|rain|charge_count|s_price|e_price|station_avg_occupancy|station_avg_duration|poi_lifestyle_services_count|poi_lifestyle_ratio|poi_business_residential_ratio|neighbor_avg_distance_m|neighbor_avg_station_occupancy|neighbor_avg_peak_occupancy,0.12773353521870567,0.5142804739983802,5.310791699997935
radius_3000m,2,neighbor_avg_station_occupancy|neighbor_avg_peak_occupancy,16,station_id|weekday|hour|is_holiday|temperature|rain|charge_count|s_price|e_price|station_avg_occupancy|station_avg_duration|poi_lifestyle_services_count|poi_lifestyle_ratio|poi_business_residential_ratio|neighbor_avg_station_occupancy|neighbor_avg_peak_occupancy,0.1278634739463819,0.5142436638533107,4.946959599998081
radius_3000m,3,neighbor_count|neighbor_avg_peak_occupancy|neighbor_avg_same_hour_occupancy,17,station_id|weekday|hour|is_holiday|temperature|rain|charge_count|s_price|e_price|station_avg_occupancy|station_avg_duration|poi_lifestyle_services_count|poi_lifestyle_ratio|poi_business_residential_ratio|neighbor_count|neighbor_avg_peak_occupancy|neighbor_avg_same_hour_occupancy,0.1276983438337343,0.5142322947593028,5.288735699999961
radius_3000m,3,neighbor_max_station_occupancy|neighbor_avg_peak_occupancy|neighbor_avg_duration,17,station_id|weekday|hour|is_holiday|temperature|rain|charge_count|s_price|e_price|station_avg_occupancy|station_avg_duration|poi_lifestyle_services_count|poi_lifestyle_ratio|poi_business_residential_ratio|neighbor_max_station_occupancy|neighbor_avg_peak_occupancy|neighbor_avg_duration,0.12783504628418912,0.5142318576197691,5.4890128999977605
radius_3000m,3,neighbor_count|neighbor_avg_distance_m|neighbor_avg_station_occupancy,17,station_id|weekday|hour|is_holiday|temperature|rain|charge_count|s_price|e_price|station_avg_occupancy|station_avg_duration|poi_lifestyle_services_count|poi_lifestyle_ratio|poi_business_residential_ratio|neighbor_count|neighbor_avg_distance_m|neighbor_avg_station_occupancy,0.12789200114094054,0.5142143697512704,5.234122599998955
radius_3000m,3,neighbor_count|neighbor_avg_distance_m|neighbor_avg_peak_occupancy,17,station_id|weekday|hour|is_holiday|temperature|rain|charge_count|s_price|e_price|station_avg_occupancy|station_avg_duration|poi_lifestyle_services_count|poi_lifestyle_ratio|poi_business_residential_ratio|neighbor_count|neighbor_avg_distance_m|neighbor_avg_peak_occupancy,0.1277625162481594,0.5141956585116982,5.543177999999898
radius_3000m,3,neighbor_avg_distance_m|neighbor_avg_peak_occupancy|neighbor_avg_charge_count,17,station_id|weekday|hour|is_holiday|temperature|rain|charge_count|s_price|e_price|station_avg_occupancy|station_avg_duration|poi_lifestyle_services_count|poi_lifestyle_ratio|poi_business_residential_ratio|neighbor_avg_distance_m|neighbor_avg_peak_occupancy|neighbor_avg_charge_count,0.12782087704676132,0.5141938668300932,5.1876774999982445
radius_3000m,3,neighbor_avg_distance_m|neighbor_avg_charge_count|neighbor_avg_same_hour_occupancy,17,station_id|weekday|hour|is_holiday|temperature|rain|charge_count|s_price|e_price|station_avg_occupancy|station_avg_duration|poi_lifestyle_services_count|poi_lifestyle_ratio|poi_business_residential_ratio|neighbor_avg_distance_m|neighbor_avg_charge_count|neighbor_avg_same_hour_occupancy,0.12778799038315589,0.5141844333339505,5.580961200001184
radius_3000m,2,neighbor_max_station_occupancy|neighbor_avg_charge_count,16,station_id|weekday|hour|is_holiday|temperature|rain|charge_count|s_price|e_price|station_avg_occupancy|station_avg_duration|poi_lifestyle_services_count|poi_lifestyle_ratio|poi_business_residential_ratio|neighbor_max_station_occupancy|neighbor_avg_charge_count,0.1278755523585916,0.5141664105592896,5.119280900002195
radius_3000m,2,neighbor_avg_distance_m|neighbor_max_station_occupancy,16,station_id|weekday|hour|is_holiday|temperature|rain|charge_count|s_price|e_price|station_avg_occupancy|station_avg_duration|poi_lifestyle_services_count|poi_lifestyle_ratio|poi_business_residential_ratio|neighbor_avg_distance_m|neighbor_max_station_occupancy,0.12787218965956262,0.5141560168121264,5.5201430000015534
radius_3000m,2,neighbor_count|neighbor_avg_distance_m,16,station_id|weekday|hour|is_holiday|temperature|rain|charge_count|s_price|e_price|station_avg_occupancy|station_avg_duration|poi_lifestyle_services_count|poi_lifestyle_ratio|poi_business_residential_ratio|neighbor_count|neighbor_avg_distance_m,0.12776032419335331,0.5141411752375273,5.192537200000515
radius_3000m,3,neighbor_count|neighbor_avg_duration|neighbor_avg_charge_count,17,station_id|weekday|hour|is_holiday|temperature|rain|charge_count|s_price|e_price|station_avg_occupancy|station_avg_duration|poi_lifestyle_services_count|poi_lifestyle_ratio|poi_business_residential_ratio|neighbor_count|neighbor_avg_duration|neighbor_avg_charge_count,0.12781292687650653,0.5141409131760006,5.051219500001025
radius_3000m,2,neighbor_avg_station_occupancy|neighbor_max_station_occupancy,16,station_id|weekday|hour|is_holiday|temperature|rain|charge_count|s_price|e_price|station_avg_occupancy|station_avg_duration|poi_lifestyle_services_count|poi_lifestyle_ratio|poi_business_residential_ratio|neighbor_avg_station_occupancy|neighbor_max_station_occupancy,0.12781067916456715,0.514122593053018,5.175191400001495
radius_3000m,3,neighbor_count|neighbor_avg_station_occupancy|neighbor_avg_duration,17,station_id|weekday|hour|is_holiday|temperature|rain|charge_count|s_price|e_price|station_avg_occupancy|station_avg_duration|poi_lifestyle_services_count|poi_lifestyle_ratio|poi_business_residential_ratio|neighbor_count|neighbor_avg_station_occupancy|neighbor_avg_duration,0.12783202289294462,0.5141152910900466,5.486695100000361
radius_3000m,3,neighbor_avg_distance_m|neighbor_avg_peak_occupancy|neighbor_avg_same_hour_occupancy,17,station_id|weekday|hour|is_holiday|temperature|rain|charge_count|s_price|e_price|station_avg_occupancy|station_avg_duration|poi_lifestyle_services_count|poi_lifestyle_ratio|poi_business_residential_ratio|neighbor_avg_distance_m|neighbor_avg_peak_occupancy|neighbor_avg_same_hour_occupancy,0.12773540986372164,0.5140929167805034,9.521579299998848
radius_3000m,3,neighbor_count|neighbor_avg_peak_occupancy|neighbor_avg_duration,17,station_id|weekday|hour|is_holiday|temperature|rain|charge_count|s_price|e_price|station_avg_occupancy|station_avg_duration|poi_lifestyle_services_count|poi_lifestyle_ratio|poi_business_residential_ratio|neighbor_count|neighbor_avg_peak_occupancy|neighbor_avg_duration,0.12778867897077179,0.5140650902066719,4.866168199998356
radius_3000m,3,neighbor_max_station_occupancy|neighbor_avg_peak_occupancy|neighbor_avg_charge_count,17,station_id|weekday|hour|is_holiday|temperature|rain|charge_count|s_price|e_price|station_avg_occupancy|station_avg_duration|poi_lifestyle_services_count|poi_lifestyle_ratio|poi_business_residential_ratio|neighbor_max_station_occupancy|neighbor_avg_peak_occupancy|neighbor_avg_charge_count,0.12789664270520198,0.514052038183697,5.226077899998927
radius_3000m,3,neighbor_avg_station_occupancy|neighbor_avg_peak_occupancy|neighbor_avg_charge_count,17,station_id|weekday|hour|is_holiday|temperature|rain|charge_count|s_price|e_price|station_avg_occupancy|station_avg_duration|poi_lifestyle_services_count|poi_lifestyle_ratio|poi_business_residential_ratio|neighbor_avg_station_occupancy|neighbor_avg_peak_occupancy|neighbor_avg_charge_count,0.12795161047655007,0.5140314195098544,5.748897299999953
radius_3000m,3,neighbor_avg_station_occupancy|neighbor_avg_peak_occupancy|neighbor_avg_duration,17,station_id|weekday|hour|is_holiday|temperature|rain|charge_count|s_price|e_price|station_avg_occupancy|station_avg_duration|poi_lifestyle_services_count|poi_lifestyle_ratio|poi_business_residential_ratio|neighbor_avg_station_occupancy|neighbor_avg_peak_occupancy|neighbor_avg_duration,0.12790709010107645,0.5140208676000291,5.619909599998209
radius_3000m,3,neighbor_avg_station_occupancy|neighbor_max_station_occupancy|neighbor_avg_same_hour_occupancy,17,station_id|weekday|hour|is_holiday|temperature|rain|charge_count|s_price|e_price|station_avg_occupancy|station_avg_duration|poi_lifestyle_services_count|poi_lifestyle_ratio|poi_business_residential_ratio|neighbor_avg_station_occupancy|neighbor_max_station_occupancy|neighbor_avg_same_hour_occupancy,0.12781533771743384,0.5140197960478912,5.474477899999329
radius_3000m,1,neighbor_avg_station_occupancy,15,station_id|weekday|hour|is_holiday|temperature|rain|charge_count|s_price|e_price|station_avg_occupancy|station_avg_duration|poi_lifestyle_services_count|poi_lifestyle_ratio|poi_business_residential_ratio|neighbor_avg_station_occupancy,0.12791998842752006,0.5139992499710184,5.384246499997971
radius_3000m,3,neighbor_count|neighbor_max_station_occupancy|neighbor_avg_peak_occupancy,17,station_id|weekday|hour|is_holiday|temperature|rain|charge_count|s_price|e_price|station_avg_occupancy|station_avg_duration|poi_lifestyle_services_count|poi_lifestyle_ratio|poi_business_residential_ratio|neighbor_count|neighbor_max_station_occupancy|neighbor_avg_peak_occupancy,0.12778977418041962,0.5139412401063597,6.075809600002685
radius_3000m,3,neighbor_avg_station_occupancy|neighbor_avg_peak_occupancy|neighbor_avg_same_hour_occupancy,17,station_id|weekday|hour|is_holiday|temperature|rain|charge_count|s_price|e_price|station_avg_occupancy|station_avg_duration|poi_lifestyle_services_count|poi_lifestyle_ratio|poi_business_residential_ratio|neighbor_avg_station_occupancy|neighbor_avg_peak_occupancy|neighbor_avg_same_hour_occupancy,0.1278326971359216,0.5139200564868829,5.299820700001874
radius_3000m,3,neighbor_avg_distance_m|neighbor_avg_station_occupancy|neighbor_avg_charge_count,17,station_id|weekday|hour|is_holiday|temperature|rain|charge_count|s_price|e_price|station_avg_occupancy|station_avg_duration|poi_lifestyle_services_count|poi_lifestyle_ratio|poi_business_residential_ratio|neighbor_avg_distance_m|neighbor_avg_station_occupancy|neighbor_avg_charge_count,0.12785832202214553,0.5138230305795373,5.273467600000004
radius_3000m,3,neighbor_max_station_occupancy|neighbor_avg_peak_occupancy|neighbor_avg_same_hour_occupancy,17,station_id|weekday|hour|is_holiday|temperature|rain|charge_count|s_price|e_price|station_avg_occupancy|station_avg_duration|poi_lifestyle_services_count|poi_lifestyle_ratio|poi_business_residential_ratio|neighbor_max_station_occupancy|neighbor_avg_peak_occupancy|neighbor_avg_same_hour_occupancy,0.1277623080945908,0.5137975658482601,5.395272300000215
radius_3000m,2,neighbor_max_station_occupancy|neighbor_avg_same_hour_occupancy,16,station_id|weekday|hour|is_holiday|temperature|rain|charge_count|s_price|e_price|station_avg_occupancy|station_avg_duration|poi_lifestyle_services_count|poi_lifestyle_ratio|poi_business_residential_ratio|neighbor_max_station_occupancy|neighbor_avg_same_hour_occupancy,0.12785313120575048,0.513732860726092,4.78033829999913
radius_3000m,2,neighbor_max_station_occupancy|neighbor_avg_duration,16,station_id|weekday|hour|is_holiday|temperature|rain|charge_count|s_price|e_price|station_avg_occupancy|station_avg_duration|poi_lifestyle_services_count|poi_lifestyle_ratio|poi_business_residential_ratio|neighbor_max_station_occupancy|neighbor_avg_duration,0.12785972859619207,0.5137205073704201,5.551099000000249
radius_3000m,2,neighbor_count|neighbor_avg_charge_count,16,station_id|weekday|hour|is_holiday|temperature|rain|charge_count|s_price|e_price|station_avg_occupancy|station_avg_duration|poi_lifestyle_services_count|poi_lifestyle_ratio|poi_business_residential_ratio|neighbor_count|neighbor_avg_charge_count,0.1278981057693057,0.5137142790413758,5.066774099999748
radius_3000m,3,neighbor_count|neighbor_avg_distance_m|neighbor_avg_charge_count,17,station_id|weekday|hour|is_holiday|temperature|rain|charge_count|s_price|e_price|station_avg_occupancy|station_avg_duration|poi_lifestyle_services_count|poi_lifestyle_ratio|poi_business_residential_ratio|neighbor_count|neighbor_avg_distance_m|neighbor_avg_charge_count,0.12798114673426697,0.5136562430492424,5.016871499999979
radius_3000m,3,neighbor_count|neighbor_avg_station_occupancy|neighbor_max_station_occupancy,17,station_id|weekday|hour|is_holiday|temperature|rain|charge_count|s_price|e_price|station_avg_occupancy|station_avg_duration|poi_lifestyle_services_count|poi_lifestyle_ratio|poi_business_residential_ratio|neighbor_count|neighbor_avg_station_occupancy|neighbor_max_station_occupancy,0.12785912916528908,0.5136351603340696,5.080445300001884
radius_3000m,2,neighbor_count|neighbor_avg_peak_occupancy,16,station_id|weekday|hour|is_holiday|temperature|rain|charge_count|s_price|e_price|station_avg_occupancy|station_avg_duration|poi_lifestyle_services_count|poi_lifestyle_ratio|poi_business_residential_ratio|neighbor_count|neighbor_avg_peak_occupancy,0.12779649721647898,0.5135724403119999,4.7263569999995525
radius_3000m,3,neighbor_count|neighbor_avg_distance_m|neighbor_avg_duration,17,station_id|weekday|hour|is_holiday|temperature|rain|charge_count|s_price|e_price|station_avg_occupancy|station_avg_duration|poi_lifestyle_services_count|poi_lifestyle_ratio|poi_business_residential_ratio|neighbor_count|neighbor_avg_distance_m|neighbor_avg_duration,0.12795080534962083,0.513513995840157,4.922650199998316
radius_3000m,2,neighbor_avg_charge_count|neighbor_avg_same_hour_occupancy,16,station_id|weekday|hour|is_holiday|temperature|rain|charge_count|s_price|e_price|station_avg_occupancy|station_avg_duration|poi_lifestyle_services_count|poi_lifestyle_ratio|poi_business_residential_ratio|neighbor_avg_charge_count|neighbor_avg_same_hour_occupancy,0.12791147150573373,0.5134669180172204,4.676583900003607
radius_3000m,3,neighbor_avg_distance_m|neighbor_avg_duration|neighbor_avg_same_hour_occupancy,17,station_id|weekday|hour|is_holiday|temperature|rain|charge_count|s_price|e_price|station_avg_occupancy|station_avg_duration|poi_lifestyle_services_count|poi_lifestyle_ratio|poi_business_residential_ratio|neighbor_avg_distance_m|neighbor_avg_duration|neighbor_avg_same_hour_occupancy,0.12790960000566046,0.5134526262653802,5.20498509999743
radius_3000m,3,neighbor_avg_station_occupancy|neighbor_avg_duration|neighbor_avg_charge_count,17,station_id|weekday|hour|is_holiday|temperature|rain|charge_count|s_price|e_price|station_avg_occupancy|station_avg_duration|poi_lifestyle_services_count|poi_lifestyle_ratio|poi_business_residential_ratio|neighbor_avg_station_occupancy|neighbor_avg_duration|neighbor_avg_charge_count,0.1279836926004523,0.5134245486985266,4.770641899998736
radius_3000m,2,neighbor_avg_peak_occupancy|neighbor_avg_same_hour_occupancy,16,station_id|weekday|hour|is_holiday|temperature|rain|charge_count|s_price|e_price|station_avg_occupancy|station_avg_duration|poi_lifestyle_services_count|poi_lifestyle_ratio|poi_business_residential_ratio|neighbor_avg_peak_occupancy|neighbor_avg_same_hour_occupancy,0.1279288548359983,0.5134075479411438,5.1599242000011145
radius_3000m,3,neighbor_avg_distance_m|neighbor_max_station_occupancy|neighbor_avg_duration,17,station_id|weekday|hour|is_holiday|temperature|rain|charge_count|s_price|e_price|station_avg_occupancy|station_avg_duration|poi_lifestyle_services_count|poi_lifestyle_ratio|poi_business_residential_ratio|neighbor_avg_distance_m|neighbor_max_station_occupancy|neighbor_avg_duration,0.12796880715280654,0.5133866095488473,4.948427200000879
radius_3000m,3,neighbor_avg_station_occupancy|neighbor_max_station_occupancy|neighbor_avg_duration,17,station_id|weekday|hour|is_holiday|temperature|rain|charge_count|s_price|e_price|station_avg_occupancy|station_avg_duration|poi_lifestyle_services_count|poi_lifestyle_ratio|poi_business_residential_ratio|neighbor_avg_station_occupancy|neighbor_max_station_occupancy|neighbor_avg_duration,0.12798710978373423,0.5133845031784554,4.962219500001083
radius_3000m,2,neighbor_count|neighbor_avg_same_hour_occupancy,16,station_id|weekday|hour|is_holiday|temperature|rain|charge_count|s_price|e_price|station_avg_occupancy|station_avg_duration|poi_lifestyle_services_count|poi_lifestyle_ratio|poi_business_residential_ratio|neighbor_count|neighbor_avg_same_hour_occupancy,0.12786161797355486,0.5133801916652081,4.464100900000631
radius_3000m,2,neighbor_avg_station_occupancy|neighbor_avg_same_hour_occupancy,16,station_id|weekday|hour|is_holiday|temperature|rain|charge_count|s_price|e_price|station_avg_occupancy|station_avg_duration|poi_lifestyle_services_count|poi_lifestyle_ratio|poi_business_residential_ratio|neighbor_avg_station_occupancy|neighbor_avg_same_hour_occupancy,0.12797764457917668,0.5133738258878096,5.2637765999970725
radius_3000m,3,neighbor_avg_distance_m|neighbor_max_station_occupancy|neighbor_avg_charge_count,17,station_id|weekday|hour|is_holiday|temperature|rain|charge_count|s_price|e_price|station_avg_occupancy|station_avg_duration|poi_lifestyle_services_count|poi_lifestyle_ratio|poi_business_residential_ratio|neighbor_avg_distance_m|neighbor_max_station_occupancy|neighbor_avg_charge_count,0.12803366535197958,0.513371282788098,4.537199499998678
radius_3000m,1,neighbor_avg_peak_occupancy,15,station_id|weekday|hour|is_holiday|temperature|rain|charge_count|s_price|e_price|station_avg_occupancy|station_avg_duration|poi_lifestyle_services_count|poi_lifestyle_ratio|poi_business_residential_ratio|neighbor_avg_peak_occupancy,0.1280181298768935,0.5133531266051454,4.906496100000368
radius_3000m,3,neighbor_avg_station_occupancy|neighbor_avg_duration|neighbor_avg_same_hour_occupancy,17,station_id|weekday|hour|is_holiday|temperature|rain|charge_count|s_price|e_price|station_avg_occupancy|station_avg_duration|poi_lifestyle_services_count|poi_lifestyle_ratio|poi_business_residential_ratio|neighbor_avg_station_occupancy|neighbor_avg_duration|neighbor_avg_same_hour_occupancy,0.12788219671153148,0.5133407625121151,4.4692108999988704
radius_3000m,2,neighbor_avg_peak_occupancy|neighbor_avg_same_weekday_hour_occupancy,16,station_id|weekday|hour|is_holiday|temperature|rain|charge_count|s_price|e_price|station_avg_occupancy|station_avg_duration|poi_lifestyle_services_count|poi_lifestyle_ratio|poi_business_residential_ratio|neighbor_avg_peak_occupancy|neighbor_avg_same_weekday_hour_occupancy,0.12801376344256934,0.5133168614581806,3.8996641999983694
radius_3000m,2,neighbor_avg_duration|neighbor_avg_charge_count,16,station_id|weekday|hour|is_holiday|temperature|rain|charge_count|s_price|e_price|station_avg_occupancy|station_avg_duration|poi_lifestyle_services_count|poi_lifestyle_ratio|poi_business_residential_ratio|neighbor_avg_duration|neighbor_avg_charge_count,0.1280986566916238,0.5133081019127466,4.265362499998446
radius_3000m,3,neighbor_avg_distance_m|neighbor_avg_station_occupancy|neighbor_max_station_occupancy,17,station_id|weekday|hour|is_holiday|temperature|rain|charge_count|s_price|e_price|station_avg_occupancy|station_avg_duration|poi_lifestyle_services_count|poi_lifestyle_ratio|poi_business_residential_ratio|neighbor_avg_distance_m|neighbor_avg_station_occupancy|neighbor_max_station_occupancy,0.12796315349381696,0.513291671137041,4.7035522000005585
radius_3000m,2,neighbor_max_station_occupancy|neighbor_avg_peak_occupancy,16,station_id|weekday|hour|is_holiday|temperature|rain|charge_count|s_price|e_price|station_avg_occupancy|station_avg_duration|poi_lifestyle_services_count|poi_lifestyle_ratio|poi_business_residential_ratio|neighbor_max_station_occupancy|neighbor_avg_peak_occupancy,0.1279589272512957,0.5132495388831688,4.954158500000631
radius_3000m,2,neighbor_count|neighbor_max_station_occupancy,16,station_id|weekday|hour|is_holiday|temperature|rain|charge_count|s_price|e_price|station_avg_occupancy|station_avg_duration|poi_lifestyle_services_count|poi_lifestyle_ratio|poi_business_residential_ratio|neighbor_count|neighbor_max_station_occupancy,0.12785117086500306,0.5132268923725058,4.93533269999898
radius_3000m,3,neighbor_count|neighbor_avg_charge_count|neighbor_avg_same_hour_occupancy,17,station_id|weekday|hour|is_holiday|temperature|rain|charge_count|s_price|e_price|station_avg_occupancy|station_avg_duration|poi_lifestyle_services_count|poi_lifestyle_ratio|poi_business_residential_ratio|neighbor_count|neighbor_avg_charge_count|neighbor_avg_same_hour_occupancy,0.12789571789236853,0.5131847265021151,4.825737499999377
radius_3000m,3,neighbor_avg_distance_m|neighbor_avg_duration|neighbor_avg_charge_count,17,station_id|weekday|hour|is_holiday|temperature|rain|charge_count|s_price|e_price|station_avg_occupancy|station_avg_duration|poi_lifestyle_services_count|poi_lifestyle_ratio|poi_business_residential_ratio|neighbor_avg_distance_m|neighbor_avg_duration|neighbor_avg_charge_count,0.1280780849036895,0.5131783342356979,5.084358899999643
radius_3000m,3,neighbor_count|neighbor_avg_station_occupancy|neighbor_avg_same_hour_occupancy,17,station_id|weekday|hour|is_holiday|temperature|rain|charge_count|s_price|e_price|station_avg_occupancy|station_avg_duration|poi_lifestyle_services_count|poi_lifestyle_ratio|poi_business_residential_ratio|neighbor_count|neighbor_avg_station_occupancy|neighbor_avg_same_hour_occupancy,0.12795381694147195,0.5131611283543628,5.567426400000841
radius_3000m,2,neighbor_avg_distance_m|neighbor_avg_same_weekday_hour_occupancy,16,station_id|weekday|hour|is_holiday|temperature|rain|charge_count|s_price|e_price|station_avg_occupancy|station_avg_duration|poi_lifestyle_services_count|poi_lifestyle_ratio|poi_business_residential_ratio|neighbor_avg_distance_m|neighbor_avg_same_weekday_hour_occupancy,0.12794294615899357,0.5131435412449232,4.8927731000003405
radius_3000m,3,neighbor_count|neighbor_avg_distance_m|neighbor_avg_same_hour_occupancy,17,station_id|weekday|hour|is_holiday|temperature|rain|charge_count|s_price|e_price|station_avg_occupancy|station_avg_duration|poi_lifestyle_services_count|poi_lifestyle_ratio|poi_business_residential_ratio|neighbor_count|neighbor_avg_distance_m|neighbor_avg_same_hour_occupancy,0.12790211749346417,0.5131353757740336,5.000089400000434
radius_3000m,3,neighbor_count|neighbor_max_station_occupancy|neighbor_avg_duration,17,station_id|weekday|hour|is_holiday|temperature|rain|charge_count|s_price|e_price|station_avg_occupancy|station_avg_duration|poi_lifestyle_services_count|poi_lifestyle_ratio|poi_business_residential_ratio|neighbor_count|neighbor_max_station_occupancy|neighbor_avg_duration,0.12794108464274787,0.5131187322975467,4.9577587000021595
radius_3000m,1,neighbor_avg_same_hour_occupancy,15,station_id|weekday|hour|is_holiday|temperature|rain|charge_count|s_price|e_price|station_avg_occupancy|station_avg_duration|poi_lifestyle_services_count|poi_lifestyle_ratio|poi_business_residential_ratio|neighbor_avg_same_hour_occupancy,0.12803512957293,0.5130981710034627,5.530091500000708
radius_3000m,3,neighbor_avg_station_occupancy|neighbor_max_station_occupancy|neighbor_avg_peak_occupancy,17,station_id|weekday|hour|is_holiday|temperature|rain|charge_count|s_price|e_price|station_avg_occupancy|station_avg_duration|poi_lifestyle_services_count|poi_lifestyle_ratio|poi_business_residential_ratio|neighbor_avg_station_occupancy|neighbor_max_station_occupancy|neighbor_avg_peak_occupancy,0.12806628302872664,0.5130883773152533,5.637344499999017
radius_3000m,1,neighbor_max_station_occupancy,15,station_id|weekday|hour|is_holiday|temperature|rain|charge_count|s_price|e_price|station_avg_occupancy|station_avg_duration|poi_lifestyle_services_count|poi_lifestyle_ratio|poi_business_residential_ratio|neighbor_max_station_occupancy,0.12802422044819403,0.5130821561447275,7.102257499998814
radius_3000m,1,neighbor_avg_distance_m,15,station_id|weekday|hour|is_holiday|temperature|rain|charge_count|s_price|e_price|station_avg_occupancy|station_avg_duration|poi_lifestyle_services_count|poi_lifestyle_ratio|poi_business_residential_ratio|neighbor_avg_distance_m,0.12798190463482717,0.513059969802568,2.305146499998955
radius_3000m,2,neighbor_avg_charge_count|neighbor_avg_same_weekday_hour_occupancy,16,station_id|weekday|hour|is_holiday|temperature|rain|charge_count|s_price|e_price|station_avg_occupancy|station_avg_duration|poi_lifestyle_services_count|poi_lifestyle_ratio|poi_business_residential_ratio|neighbor_avg_charge_count|neighbor_avg_same_weekday_hour_occupancy,0.12808573021150946,0.5130523233538222,5.069306999997934
radius_3000m,2,neighbor_avg_duration|neighbor_avg_same_hour_occupancy,16,station_id|weekday|hour|is_holiday|temperature|rain|charge_count|s_price|e_price|station_avg_occupancy|station_avg_duration|poi_lifestyle_services_count|poi_lifestyle_ratio|poi_business_residential_ratio|neighbor_avg_duration|neighbor_avg_same_hour_occupancy,0.12800674597645856,0.513018678520936,4.936722799997369
radius_3000m,3,neighbor_avg_duration|neighbor_avg_charge_count|neighbor_avg_same_hour_occupancy,17,station_id|weekday|hour|is_holiday|temperature|rain|charge_count|s_price|e_price|station_avg_occupancy|station_avg_duration|poi_lifestyle_services_count|poi_lifestyle_ratio|poi_business_residential_ratio|neighbor_avg_duration|neighbor_avg_charge_count|neighbor_avg_same_hour_occupancy,0.12800736263036086,0.512995847174788,4.940066400002252
radius_3000m,2,neighbor_avg_duration|neighbor_avg_same_weekday_hour_occupancy,16,station_id|weekday|hour|is_holiday|temperature|rain|charge_count|s_price|e_price|station_avg_occupancy|station_avg_duration|poi_lifestyle_services_count|poi_lifestyle_ratio|poi_business_residential_ratio|neighbor_avg_duration|neighbor_avg_same_weekday_hour_occupancy,0.12804932801697133,0.512974424811661,4.799448400000983
radius_3000m,3,neighbor_avg_distance_m|neighbor_avg_duration|neighbor_avg_same_weekday_hour_occupancy,17,station_id|weekday|hour|is_holiday|temperature|rain|charge_count|s_price|e_price|station_avg_occupancy|station_avg_duration|poi_lifestyle_services_count|poi_lifestyle_ratio|poi_business_residential_ratio|neighbor_avg_distance_m|neighbor_avg_duration|neighbor_avg_same_weekday_hour_occupancy,0.12802742738431463,0.5129733219852235,5.724296100001084
radius_3000m,3,neighbor_max_station_occupancy|neighbor_avg_duration|neighbor_avg_charge_count,17,station_id|weekday|hour|is_holiday|temperature|rain|charge_count|s_price|e_price|station_avg_occupancy|station_avg_duration|poi_lifestyle_services_count|poi_lifestyle_ratio|poi_business_residential_ratio|neighbor_max_station_occupancy|neighbor_avg_duration|neighbor_avg_charge_count,0.1280201372755941,0.5129569956264776,5.458380000000034
radius_3000m,2,neighbor_avg_station_occupancy|neighbor_avg_same_weekday_hour_occupancy,16,station_id|weekday|hour|is_holiday|temperature|rain|charge_count|s_price|e_price|station_avg_occupancy|station_avg_duration|poi_lifestyle_services_count|poi_lifestyle_ratio|poi_business_residential_ratio|neighbor_avg_station_occupancy|neighbor_avg_same_weekday_hour_occupancy,0.12809688315454826,0.5129327924536735,5.237553899998602
radius_3000m,1,neighbor_avg_charge_count,15,station_id|weekday|hour|is_holiday|temperature|rain|charge_count|s_price|e_price|station_avg_occupancy|station_avg_duration|poi_lifestyle_services_count|poi_lifestyle_ratio|poi_business_residential_ratio|neighbor_avg_charge_count,0.12812260728044,0.5129259020746084,4.421929700001783
radius_3000m,2,neighbor_count|neighbor_avg_same_weekday_hour_occupancy,16,station_id|weekday|hour|is_holiday|temperature|rain|charge_count|s_price|e_price|station_avg_occupancy|station_avg_duration|poi_lifestyle_services_count|poi_lifestyle_ratio|poi_business_residential_ratio|neighbor_count|neighbor_avg_same_weekday_hour_occupancy,0.12798670614790456,0.5129249995381052,4.24306990000332
radius_3000m,3,neighbor_avg_station_occupancy|neighbor_avg_charge_count|neighbor_avg_same_hour_occupancy,17,station_id|weekday|hour|is_holiday|temperature|rain|charge_count|s_price|e_price|station_avg_occupancy|station_avg_duration|poi_lifestyle_services_count|poi_lifestyle_ratio|poi_business_residential_ratio|neighbor_avg_station_occupancy|neighbor_avg_charge_count|neighbor_avg_same_hour_occupancy,0.12795012608724307,0.5129142404695655,5.326784499997302
radius_3000m,2,neighbor_avg_distance_m|neighbor_avg_same_hour_occupancy,16,station_id|weekday|hour|is_holiday|temperature|rain|charge_count|s_price|e_price|station_avg_occupancy|station_avg_duration|poi_lifestyle_services_count|poi_lifestyle_ratio|poi_business_residential_ratio|neighbor_avg_distance_m|neighbor_avg_same_hour_occupancy,0.12792881459614172,0.5128906542973709,4.645129600001383
radius_3000m,3,neighbor_max_station_occupancy|neighbor_avg_charge_count|neighbor_avg_same_hour_occupancy,17,station_id|weekday|hour|is_holiday|temperature|rain|charge_count|s_price|e_price|station_avg_occupancy|station_avg_duration|poi_lifestyle_services_count|poi_lifestyle_ratio|poi_business_residential_ratio|neighbor_max_station_occupancy|neighbor_avg_charge_count|neighbor_avg_same_hour_occupancy,0.1280048394146731,0.5128267958970856,4.665100599999278
radius_3000m,3,neighbor_count|neighbor_max_station_occupancy|neighbor_avg_charge_count,17,station_id|weekday|hour|is_holiday|temperature|rain|charge_count|s_price|e_price|station_avg_occupancy|station_avg_duration|poi_lifestyle_services_count|poi_lifestyle_ratio|poi_business_residential_ratio|neighbor_count|neighbor_max_station_occupancy|neighbor_avg_charge_count,0.12798120506946842,0.5127924342208596,5.118017999997392
radius_3000m,3,neighbor_avg_station_occupancy|neighbor_avg_same_hour_occupancy|neighbor_avg_same_weekday_hour_occupancy,17,station_id|weekday|hour|is_holiday|temperature|rain|charge_count|s_price|e_price|station_avg_occupancy|station_avg_duration|poi_lifestyle_services_count|poi_lifestyle_ratio|poi_business_residential_ratio|neighbor_avg_station_occupancy|neighbor_avg_same_hour_occupancy|neighbor_avg_same_weekday_hour_occupancy,0.1281035547166939,0.512743948867957,5.295277299999725
radius_3000m,3,neighbor_avg_distance_m|neighbor_avg_station_occupancy|neighbor_avg_same_hour_occupancy,17,station_id|weekday|hour|is_holiday|temperature|rain|charge_count|s_price|e_price|station_avg_occupancy|station_avg_duration|poi_lifestyle_services_count|poi_lifestyle_ratio|poi_business_residential_ratio|neighbor_avg_distance_m|neighbor_avg_station_occupancy|neighbor_avg_same_hour_occupancy,0.12798997605192386,0.5127108227725075,11.460296000001108
radius_3000m,3,neighbor_count|neighbor_avg_peak_occupancy|neighbor_avg_same_weekday_hour_occupancy,17,station_id|weekday|hour|is_holiday|temperature|rain|charge_count|s_price|e_price|station_avg_occupancy|station_avg_duration|poi_lifestyle_services_count|poi_lifestyle_ratio|poi_business_residential_ratio|neighbor_count|neighbor_avg_peak_occupancy|neighbor_avg_same_weekday_hour_occupancy,0.1281330057222836,0.5126892431912056,4.580014299997856
radius_3000m,3,neighbor_count|neighbor_avg_distance_m|neighbor_max_station_occupancy,17,station_id|weekday|hour|is_holiday|temperature|rain|charge_count|s_price|e_price|station_avg_occupancy|station_avg_duration|poi_lifestyle_services_count|poi_lifestyle_ratio|poi_business_residential_ratio|neighbor_count|neighbor_avg_distance_m|neighbor_max_station_occupancy,0.12799621527129623,0.5126288107717287,8.644266700001026
radius_3000m,3,neighbor_avg_distance_m|neighbor_avg_charge_count|neighbor_avg_same_weekday_hour_occupancy,17,station_id|weekday|hour|is_holiday|temperature|rain|charge_count|s_price|e_price|station_avg_occupancy|station_avg_duration|poi_lifestyle_services_count|poi_lifestyle_ratio|poi_business_residential_ratio|neighbor_avg_distance_m|neighbor_avg_charge_count|neighbor_avg_same_weekday_hour_occupancy,0.12803099416466096,0.5125650084421021,4.82568579999861
radius_3000m,1,neighbor_count,15,station_id|weekday|hour|is_holiday|temperature|rain|charge_count|s_price|e_price|station_avg_occupancy|station_avg_duration|poi_lifestyle_services_count|poi_lifestyle_ratio|poi_business_residential_ratio|neighbor_count,0.12807286885934405,0.5125373075444204,2.1764626000003773
radius_3000m,3,neighbor_avg_station_occupancy|neighbor_avg_charge_count|neighbor_avg_same_weekday_hour_occupancy,17,station_id|weekday|hour|is_holiday|temperature|rain|charge_count|s_price|e_price|station_avg_occupancy|station_avg_duration|poi_lifestyle_services_count|poi_lifestyle_ratio|poi_business_residential_ratio|neighbor_avg_station_occupancy|neighbor_avg_charge_count|neighbor_avg_same_weekday_hour_occupancy,0.12819251402014445,0.5124936463108092,5.366096599998855
radius_3000m,3,neighbor_count|neighbor_avg_charge_count|neighbor_avg_same_weekday_hour_occupancy,17,station_id|weekday|hour|is_holiday|temperature|rain|charge_count|s_price|e_price|station_avg_occupancy|station_avg_duration|poi_lifestyle_services_count|poi_lifestyle_ratio|poi_business_residential_ratio|neighbor_count|neighbor_avg_charge_count|neighbor_avg_same_weekday_hour_occupancy,0.12807203260795666,0.512491282478591,4.853126199999679
radius_3000m,3,neighbor_count|neighbor_max_station_occupancy|neighbor_avg_same_hour_occupancy,17,station_id|weekday|hour|is_holiday|temperature|rain|charge_count|s_price|e_price|station_avg_occupancy|station_avg_duration|poi_lifestyle_services_count|poi_lifestyle_ratio|poi_business_residential_ratio|neighbor_count|neighbor_max_station_occupancy|neighbor_avg_same_hour_occupancy,0.12796299514974663,0.5124760474923042,6.08839949999674
radius_3000m,3,neighbor_count|neighbor_max_station_occupancy|neighbor_avg_same_weekday_hour_occupancy,17,station_id|weekday|hour|is_holiday|temperature|rain|charge_count|s_price|e_price|station_avg_occupancy|station_avg_duration|poi_lifestyle_services_count|poi_lifestyle_ratio|poi_business_residential_ratio|neighbor_count|neighbor_max_station_occupancy|neighbor_avg_same_weekday_hour_occupancy,0.12803418524050253,0.5124606537807537,5.249855900001421
radius_3000m,3,neighbor_avg_peak_occupancy|neighbor_avg_charge_count|neighbor_avg_same_weekday_hour_occupancy,17,station_id|weekday|hour|is_holiday|temperature|rain|charge_count|s_price|e_price|station_avg_occupancy|station_avg_duration|poi_lifestyle_services_count|poi_lifestyle_ratio|poi_business_residential_ratio|neighbor_avg_peak_occupancy|neighbor_avg_charge_count|neighbor_avg_same_weekday_hour_occupancy,0.12813518038633784,0.5124410833859183,5.552149299997836
radius_3000m,3,neighbor_max_station_occupancy|neighbor_avg_charge_count|neighbor_avg_same_weekday_hour_occupancy,17,station_id|weekday|hour|is_holiday|temperature|rain|charge_count|s_price|e_price|station_avg_occupancy|station_avg_duration|poi_lifestyle_services_count|poi_lifestyle_ratio|poi_business_residential_ratio|neighbor_max_station_occupancy|neighbor_avg_charge_count|neighbor_avg_same_weekday_hour_occupancy,0.12808887352434628,0.5124116848936291,5.082745399999112
radius_3000m,3,neighbor_avg_distance_m|neighbor_avg_peak_occupancy|neighbor_avg_same_weekday_hour_occupancy,17,station_id|weekday|hour|is_holiday|temperature|rain|charge_count|s_price|e_price|station_avg_occupancy|station_avg_duration|poi_lifestyle_services_count|poi_lifestyle_ratio|poi_business_residential_ratio|neighbor_avg_distance_m|neighbor_avg_peak_occupancy|neighbor_avg_same_weekday_hour_occupancy,0.12803827530474815,0.512402280535005,5.234763000000385
radius_3000m,3,neighbor_count|neighbor_avg_distance_m|neighbor_avg_same_weekday_hour_occupancy,17,station_id|weekday|hour|is_holiday|temperature|rain|charge_count|s_price|e_price|station_avg_occupancy|station_avg_duration|poi_lifestyle_services_count|poi_lifestyle_ratio|poi_business_residential_ratio|neighbor_count|neighbor_avg_distance_m|neighbor_avg_same_weekday_hour_occupancy,0.12804203436850156,0.5123499519703065,4.7913489999991725
radius_3000m,3,neighbor_count|neighbor_avg_station_occupancy|neighbor_avg_same_weekday_hour_occupancy,17,station_id|weekday|hour|is_holiday|temperature|rain|charge_count|s_price|e_price|station_avg_occupancy|station_avg_duration|poi_lifestyle_services_count|poi_lifestyle_ratio|poi_business_residential_ratio|neighbor_count|neighbor_avg_station_occupancy|neighbor_avg_same_weekday_hour_occupancy,0.12814371981897565,0.512340161162174,6.790877600000385
radius_3000m,3,neighbor_avg_peak_occupancy|neighbor_avg_charge_count|neighbor_avg_same_hour_occupancy,17,station_id|weekday|hour|is_holiday|temperature|rain|charge_count|s_price|e_price|station_avg_occupancy|station_avg_duration|poi_lifestyle_services_count|poi_lifestyle_ratio|poi_business_residential_ratio|neighbor_avg_peak_occupancy|neighbor_avg_charge_count|neighbor_avg_same_hour_occupancy,0.12804499688796633,0.5123268075059767,5.42455560000235
radius_3000m,3,neighbor_avg_peak_occupancy|neighbor_avg_duration|neighbor_avg_same_hour_occupancy,17,station_id|weekday|hour|is_holiday|temperature|rain|charge_count|s_price|e_price|station_avg_occupancy|station_avg_duration|poi_lifestyle_services_count|poi_lifestyle_ratio|poi_business_residential_ratio|neighbor_avg_peak_occupancy|neighbor_avg_duration|neighbor_avg_same_hour_occupancy,0.12793351587925095,0.5123018446326333,5.264563200002158
radius_3000m,3,neighbor_avg_distance_m|neighbor_max_station_occupancy|neighbor_avg_same_weekday_hour_occupancy,17,station_id|weekday|hour|is_holiday|temperature|rain|charge_count|s_price|e_price|station_avg_occupancy|station_avg_duration|poi_lifestyle_services_count|poi_lifestyle_ratio|poi_business_residential_ratio|neighbor_avg_distance_m|neighbor_max_station_occupancy|neighbor_avg_same_weekday_hour_occupancy,0.12808086837038996,0.5122912850447932,6.126990900000237
radius_3000m,3,neighbor_count|neighbor_avg_duration|neighbor_avg_same_weekday_hour_occupancy,17,station_id|weekday|hour|is_holiday|temperature|rain|charge_count|s_price|e_price|station_avg_occupancy|station_avg_duration|poi_lifestyle_services_count|poi_lifestyle_ratio|poi_business_residential_ratio|neighbor_count|neighbor_avg_duration|neighbor_avg_same_weekday_hour_occupancy,0.12824866093228,0.512264827306065,4.82487829999809
radius_3000m,2,neighbor_avg_same_hour_occupancy|neighbor_avg_same_weekday_hour_occupancy,16,station_id|weekday|hour|is_holiday|temperature|rain|charge_count|s_price|e_price|station_avg_occupancy|station_avg_duration|poi_lifestyle_services_count|poi_lifestyle_ratio|poi_business_residential_ratio|neighbor_avg_same_hour_occupancy|neighbor_avg_same_weekday_hour_occupancy,0.12823962307964243,0.5122122843129655,5.1159879000006185
radius_3000m,3,neighbor_count|neighbor_avg_duration|neighbor_avg_same_hour_occupancy,17,station_id|weekday|hour|is_holiday|temperature|rain|charge_count|s_price|e_price|station_avg_occupancy|station_avg_duration|poi_lifestyle_services_count|poi_lifestyle_ratio|poi_business_residential_ratio|neighbor_count|neighbor_avg_duration|neighbor_avg_same_hour_occupancy,0.1280566656500481,0.5121774098770855,5.004265000003215
radius_3000m,0,,14,station_id|weekday|hour|is_holiday|temperature|rain|charge_count|s_price|e_price|station_avg_occupancy|station_avg_duration|poi_lifestyle_services_count|poi_lifestyle_ratio|poi_business_residential_ratio,0.1281965421613564,0.5121299276345461,2.164682200000243
radius_3000m,1,neighbor_avg_same_weekday_hour_occupancy,15,station_id|weekday|hour|is_holiday|temperature|rain|charge_count|s_price|e_price|station_avg_occupancy|station_avg_duration|poi_lifestyle_services_count|poi_lifestyle_ratio|poi_business_residential_ratio|neighbor_avg_same_weekday_hour_occupancy,0.12824963090758928,0.5121175383365562,5.600140000002284
radius_3000m,3,neighbor_max_station_occupancy|neighbor_avg_duration|neighbor_avg_same_hour_occupancy,17,station_id|weekday|hour|is_holiday|temperature|rain|charge_count|s_price|e_price|station_avg_occupancy|station_avg_duration|poi_lifestyle_services_count|poi_lifestyle_ratio|poi_business_residential_ratio|neighbor_max_station_occupancy|neighbor_avg_duration|neighbor_avg_same_hour_occupancy,0.12803447440981597,0.512070976417559,4.773920999999973
radius_3000m,3,neighbor_max_station_occupancy|neighbor_avg_peak_occupancy|neighbor_avg_same_weekday_hour_occupancy,17,station_id|weekday|hour|is_holiday|temperature|rain|charge_count|s_price|e_price|station_avg_occupancy|station_avg_duration|poi_lifestyle_services_count|poi_lifestyle_ratio|poi_business_residential_ratio|neighbor_max_station_occupancy|neighbor_avg_peak_occupancy|neighbor_avg_same_weekday_hour_occupancy,0.12824930076535176,0.5119679375998821,5.449707499999931
radius_3000m,3,neighbor_avg_station_occupancy|neighbor_avg_duration|neighbor_avg_same_weekday_hour_occupancy,17,station_id|weekday|hour|is_holiday|temperature|rain|charge_count|s_price|e_price|station_avg_occupancy|station_avg_duration|poi_lifestyle_services_count|poi_lifestyle_ratio|poi_business_residential_ratio|neighbor_avg_station_occupancy|neighbor_avg_duration|neighbor_avg_same_weekday_hour_occupancy,0.12829821078332931,0.5118848470470985,5.328371999999945
radius_3000m,3,neighbor_avg_station_occupancy|neighbor_max_station_occupancy|neighbor_avg_same_weekday_hour_occupancy,17,station_id|weekday|hour|is_holiday|temperature|rain|charge_count|s_price|e_price|station_avg_occupancy|station_avg_duration|poi_lifestyle_services_count|poi_lifestyle_ratio|poi_business_residential_ratio|neighbor_avg_station_occupancy|neighbor_max_station_occupancy|neighbor_avg_same_weekday_hour_occupancy,0.12823401375844667,0.5118504380899149,5.186205699999846
radius_3000m,2,neighbor_max_station_occupancy|neighbor_avg_same_weekday_hour_occupancy,16,station_id|weekday|hour|is_holiday|temperature|rain|charge_count|s_price|e_price|station_avg_occupancy|station_avg_duration|poi_lifestyle_services_count|poi_lifestyle_ratio|poi_business_residential_ratio|neighbor_max_station_occupancy|neighbor_avg_same_weekday_hour_occupancy,0.12818568042383963,0.5118325694088541,4.698580599997513
radius_3000m,3,neighbor_avg_peak_occupancy|neighbor_avg_same_hour_occupancy|neighbor_avg_same_weekday_hour_occupancy,17,station_id|weekday|hour|is_holiday|temperature|rain|charge_count|s_price|e_price|station_avg_occupancy|station_avg_duration|poi_lifestyle_services_count|poi_lifestyle_ratio|poi_business_residential_ratio|neighbor_avg_peak_occupancy|neighbor_avg_same_hour_occupancy|neighbor_avg_same_weekday_hour_occupancy,0.1281939959979471,0.5118271338450158,5.331996299999446
radius_3000m,3,neighbor_avg_distance_m|neighbor_avg_same_hour_occupancy|neighbor_avg_same_weekday_hour_occupancy,17,station_id|weekday|hour|is_holiday|temperature|rain|charge_count|s_price|e_price|station_avg_occupancy|station_avg_duration|poi_lifestyle_services_count|poi_lifestyle_ratio|poi_business_residential_ratio|neighbor_avg_distance_m|neighbor_avg_same_hour_occupancy|neighbor_avg_same_weekday_hour_occupancy,0.12811041319358413,0.511814510835626,5.467404600000009
radius_3000m,3,neighbor_avg_charge_count|neighbor_avg_same_hour_occupancy|neighbor_avg_same_weekday_hour_occupancy,17,station_id|weekday|hour|is_holiday|temperature|rain|charge_count|s_price|e_price|station_avg_occupancy|station_avg_duration|poi_lifestyle_services_count|poi_lifestyle_ratio|poi_business_residential_ratio|neighbor_avg_charge_count|neighbor_avg_same_hour_occupancy|neighbor_avg_same_weekday_hour_occupancy,0.12818995474639464,0.5117890828438891,3.5008847000026435
radius_3000m,3,neighbor_avg_station_occupancy|neighbor_avg_peak_occupancy|neighbor_avg_same_weekday_hour_occupancy,17,station_id|weekday|hour|is_holiday|temperature|rain|charge_count|s_price|e_price|station_avg_occupancy|station_avg_duration|poi_lifestyle_services_count|poi_lifestyle_ratio|poi_business_residential_ratio|neighbor_avg_station_occupancy|neighbor_avg_peak_occupancy|neighbor_avg_same_weekday_hour_occupancy,0.12820088797854567,0.5117658084151426,5.093847399999504
radius_3000m,3,neighbor_max_station_occupancy|neighbor_avg_same_hour_occupancy|neighbor_avg_same_weekday_hour_occupancy,17,station_id|weekday|hour|is_holiday|temperature|rain|charge_count|s_price|e_price|station_avg_occupancy|station_avg_duration|poi_lifestyle_services_count|poi_lifestyle_ratio|poi_business_residential_ratio|neighbor_max_station_occupancy|neighbor_avg_same_hour_occupancy|neighbor_avg_same_weekday_hour_occupancy,0.12814333676949383,0.5117548414985179,5.044857000000775
radius_3000m,3,neighbor_avg_distance_m|neighbor_avg_station_occupancy|neighbor_avg_same_weekday_hour_occupancy,17,station_id|weekday|hour|is_holiday|temperature|rain|charge_count|s_price|e_price|station_avg_occupancy|station_avg_duration|poi_lifestyle_services_count|poi_lifestyle_ratio|poi_business_residential_ratio|neighbor_avg_distance_m|neighbor_avg_station_occupancy|neighbor_avg_same_weekday_hour_occupancy,0.12819920979067043,0.5116292798205804,5.393831299999874
radius_3000m,3,neighbor_avg_duration|neighbor_avg_same_hour_occupancy|neighbor_avg_same_weekday_hour_occupancy,17,station_id|weekday|hour|is_holiday|temperature|rain|charge_count|s_price|e_price|station_avg_occupancy|station_avg_duration|poi_lifestyle_services_count|poi_lifestyle_ratio|poi_business_residential_ratio|neighbor_avg_duration|neighbor_avg_same_hour_occupancy|neighbor_avg_same_weekday_hour_occupancy,0.12822683456581063,0.5116034849786076,3.9177042999981495
radius_3000m,3,neighbor_count|neighbor_avg_same_hour_occupancy|neighbor_avg_same_weekday_hour_occupancy,17,station_id|weekday|hour|is_holiday|temperature|rain|charge_count|s_price|e_price|station_avg_occupancy|station_avg_duration|poi_lifestyle_services_count|poi_lifestyle_ratio|poi_business_residential_ratio|neighbor_count|neighbor_avg_same_hour_occupancy|neighbor_avg_same_weekday_hour_occupancy,0.12822444171848563,0.5115871249675429,4.879486599998927
radius_3000m,3,neighbor_max_station_occupancy|neighbor_avg_duration|neighbor_avg_same_weekday_hour_occupancy,17,station_id|weekday|hour|is_holiday|temperature|rain|charge_count|s_price|e_price|station_avg_occupancy|station_avg_duration|poi_lifestyle_services_count|poi_lifestyle_ratio|poi_business_residential_ratio|neighbor_max_station_occupancy|neighbor_avg_duration|neighbor_avg_same_weekday_hour_occupancy,0.12822932855214214,0.5112929347453307,5.250124300000607
radius_3000m,3,neighbor_avg_duration|neighbor_avg_charge_count|neighbor_avg_same_weekday_hour_occupancy,17,station_id|weekday|hour|is_holiday|temperature|rain|charge_count|s_price|e_price|station_avg_occupancy|station_avg_duration|poi_lifestyle_services_count|poi_lifestyle_ratio|poi_business_residential_ratio|neighbor_avg_duration|neighbor_avg_charge_count|neighbor_avg_same_weekday_hour_occupancy,0.12835781266120244,0.5112917683723263,4.7798762999991595
radius_3000m,3,neighbor_avg_peak_occupancy|neighbor_avg_duration|neighbor_avg_same_weekday_hour_occupancy,17,station_id|weekday|hour|is_holiday|temperature|rain|charge_count|s_price|e_price|station_avg_occupancy|station_avg_duration|poi_lifestyle_services_count|poi_lifestyle_ratio|poi_business_residential_ratio|neighbor_avg_peak_occupancy|neighbor_avg_duration|neighbor_avg_same_weekday_hour_occupancy,0.12827784584603039,0.5110599627900628,5.369150200000149
