stage,trial,metric_scope,features,train_rows,eval_rows,mae,r2,elapsed_seconds,n_estimators,max_depth,learning_rate,subsample,colsample_bytree,min_child_weight,reg_alpha,reg_lambda
stage2,23,validation,52,485605,90631,0.028779815868823225,0.9306909754643375,16.75472389999777,500,9,0.02,0.85,0.9,7,0.05,15.0
stage2,3,validation,52,485605,90631,0.028806535901758815,0.9307627838091019,16.940335099992808,500,9,0.015,0.75,0.9,7,0.01,15.0
stage2,40,validation,52,485605,90631,0.028955812270406337,0.9304402677502254,24.951783800002886,800,8,0.015,0.85,1.0,7,0.05,10.0
stage1,17,validation,52,485605,90631,0.02895864437666714,0.9305912171398613,22.540956500015454,500,8,0.02,0.85,1.0,10,0.01,10.0
stage2,38,validation,52,485605,90631,0.028971439559709003,0.9305651711508215,14.128571400011424,500,8,0.02,0.95,0.9,10,0.01,8.0
stage2,37,validation,52,485605,90631,0.028971771539625227,0.9301427352737448,17.943606400018325,500,9,0.015,0.8,0.9,7,0.05,5.0
stage2,18,validation,52,485605,90631,0.028986812686512292,0.9306539098931571,15.082529200008139,500,8,0.015,0.95,0.9,10,0.05,15.0
stage2,2,validation,52,485605,90631,0.029033193063893653,0.9288013544402085,11.090320899995277,300,9,0.03,0.9,0.8,2,1.0,2.0
stage2,1,validation,52,485605,90631,0.029060169826618746,0.9305531420598948,16.32053040000028,500,8,0.015,0.6,1.0,7,0.001,3.0
stage1,14,validation,52,485605,90631,0.02907656245669292,0.9296752186146939,22.309395300020697,500,8,0.02,0.7,1.0,5,0.01,5.0
stage2,19,validation,52,485605,90631,0.029107699486227333,0.9289273143874873,11.068272000004072,300,9,0.02,0.9,1.0,5,0.0,5.0
stage2,31,validation,52,485605,90631,0.02910891909408657,0.9301666392317319,14.490144300012616,500,8,0.025,0.6,1.0,7,0.001,3.0
stage2,6,validation,52,485605,90631,0.0291112678785981,0.9290664856348039,9.017192400002386,300,8,0.025,1.0,1.0,3,0.001,8.0
stage2,21,validation,52,485605,90631,0.02911447427866291,0.9308107817506155,19.65191370001412,800,7,0.025,0.75,0.9,12,0.05,15.0
stage2,33,validation,52,485605,90631,0.029117387918181234,0.9285934021924411,7.261785799986683,200,9,0.04,1.0,0.8,1,1.0,5.0
stage2,27,validation,52,485605,90631,0.029128282784392147,0.9289002050605606,14.942670000018552,500,8,0.015,0.9,1.0,3,0.001,3.0
stage2,11,validation,52,485605,90631,0.02914913099728586,0.9290026859224495,9.2889320999966,300,9,0.05,1.0,0.6,2,1.0,5.0
stage1,36,validation,52,485605,90631,0.02918592164100487,0.9288198567875576,20.939138500019908,500,8,0.02,1.0,1.0,5,0.0,5.0
stage2,15,validation,52,485605,90631,0.029189332232190467,0.9305640828907646,9.092431099998066,300,7,0.025,0.95,0.9,12,0.05,10.0
stage2,12,validation,52,485605,90631,0.029196452346267412,0.9296377094322923,15.258959099999629,500,8,0.015,0.6,0.9,3,0.05,3.0
stage1,15,validation,52,485605,90631,0.029206427426175366,0.9285578420568885,13.10515829999349,300,8,0.04,1.0,0.7,1,1.0,3.0
stage2,4,validation,52,485605,90631,0.029216954995541555,0.9289777898667498,28.21502530001453,1000,8,0.0125,0.6,0.8,1,0.05,1.0
stage2,30,validation,52,485605,90631,0.029224448319388512,0.9291178232629158,29.5343617000035,800,9,0.0075,0.6,0.8,1,0.001,2.0
stage2,25,validation,52,485605,90631,0.029228270091285643,0.9286703784127445,23.13996900001075,800,8,0.025,0.7,0.9,3,0.001,3.0
stage1,63,validation,52,485605,90631,0.02923772039727549,0.9292633678411205,25.36065369998687,800,8,0.01,0.7,0.7,1,0.01,1.0
stage2,17,validation,52,485605,90631,0.02925350248713205,0.9294284638306226,12.33010779999313,500,7,0.025,0.9,1.0,5,0.001,8.0
stage2,26,validation,52,485605,90631,0.02930271383546818,0.9297715994230639,19.883702999999514,800,7,0.015,0.7,1.0,5,0.05,3.0
stage2,20,validation,52,485605,90631,0.029303256835929502,0.9286240600015865,20.576136199990287,800,8,0.025,1.0,1.0,5,0.001,8.0
stage2,16,validation,52,485605,90631,0.029311999676129755,0.9286377460798133,12.812782500026515,500,8,0.04,1.0,0.7,2,0.5,2.0
stage2,10,validation,52,485605,90631,0.029319119419054372,0.9297148537089202,13.729068799992092,500,7,0.02,0.6,0.9,3,0.01,5.0
stage2,22,validation,52,485605,90631,0.029322055734736566,0.9292117074239953,16.488997600012226,800,7,0.02,1.0,1.0,3,0.0,5.0
stage2,14,validation,52,485605,90631,0.029325519922610496,0.9298298625994809,12.563083299988648,500,7,0.015,0.9,0.9,7,0.001,3.0
stage1,24,validation,52,485605,90631,0.029341219188975556,0.9284237231419399,38.6757144999865,800,8,0.02,1.0,0.7,1,0.0,1.0
stage1,18,validation,52,485605,90631,0.02935590993356171,0.928746427357801,11.987872900004731,300,8,0.04,1.0,0.7,3,0.01,3.0
stage1,80,validation,52,485605,90631,0.029356503861755763,0.9283615231450852,15.497065700008534,500,8,0.04,0.85,1.0,1,0.01,10.0
stage2,29,validation,52,485605,90631,0.02937388511711314,0.9292329761320535,5.06525819998933,200,7,0.04,1.0,0.8,1,1.0,2.0
stage1,27,validation,52,485605,90631,0.029394196086372292,0.9284081381946669,49.19178349999129,1200,8,0.02,1.0,0.7,5,0.0,3.0
stage2,36,validation,52,485605,90631,0.029394618765051606,0.9292335741040733,15.080222399992635,500,8,0.0125,0.8,0.6,1,0.01,1.0
stage2,8,validation,52,485605,90631,0.029405774732495928,0.929934343378741,8.62685080000665,300,7,0.02,0.95,1.0,7,0.001,10.0
stage2,13,validation,52,485605,90631,0.029411035493321854,0.9283111321682717,22.514435699995374,800,9,0.025,1.0,1.0,7,0.0,5.0
stage2,34,validation,52,485605,90631,0.02941597953700356,0.9291957877880317,18.16664400001173,800,7,0.015,1.0,1.0,5,0.0,8.0
stage2,28,validation,52,485605,90631,0.029417734033912506,0.9292284099867509,5.363557100004982,200,7,0.05,0.9,0.6,2,1.0,2.0
stage2,9,validation,52,485605,90631,0.02944114991230957,0.9289404307152269,26.02353779997793,1000,7,0.0075,0.8,0.8,2,0.05,0.5
stage2,7,validation,52,485605,90631,0.02947666240789505,0.9282158491565404,16.76548050000565,800,7,0.025,1.0,1.0,5,0.001,3.0
stage2,32,validation,52,485605,90631,0.02948886936006067,0.92967014140851,7.71864530001767,300,7,0.02,1.0,0.9,7,0.001,8.0
stage1,26,validation,52,485605,90631,0.029492541904959733,0.929111028484493,20.753351399995154,500,8,0.08,1.0,1.0,10,0.01,10.0
stage1,41,validation,52,485605,90631,0.029512016656359094,0.9295377254173716,10.063959899998736,500,6,0.06,0.7,1.0,1,1.0,3.0
stage1,13,validation,52,485605,90631,0.029513959467902393,0.9289687006066438,14.823091500002192,500,6,0.06,1.0,0.85,3,1.0,5.0
stage2,35,validation,52,485605,90631,0.029532447993617813,0.9290705147293957,14.29148830001941,500,7,0.0125,0.8,0.8,2,0.001,2.0
stage1,69,validation,52,485605,90631,0.02954990248978275,0.9290915128062496,5.981454499997199,300,6,0.06,1.0,1.0,3,1.0,10.0
stage1,45,validation,52,485605,90631,0.02955951465033016,0.9303109350221953,25.27472429999034,1200,6,0.01,0.85,0.85,10,0.0,10.0
stage1,5,validation,52,485605,90631,0.02956829565880837,0.9281189273874306,62.33992389999912,1200,8,0.04,0.7,0.7,1,0.01,10.0
stage1,29,validation,52,485605,90631,0.029577375265419394,0.9291074472575684,12.697222799994051,500,6,0.08,0.7,1.0,5,1.0,10.0
stage1,39,validation,52,485605,90631,0.029600088734215706,0.9295442980107035,14.839729700004682,800,6,0.02,1.0,1.0,10,0.01,3.0
stage1,16,validation,52,485605,90631,0.029617169108695225,0.9298133049607359,23.59827519999817,800,6,0.04,1.0,0.7,10,0.0,10.0
stage1,35,validation,52,485605,90631,0.029664806272511494,0.9293866754593555,13.934537699999055,500,6,0.08,1.0,1.0,10,0.1,10.0
stage1,73,validation,52,485605,90631,0.02969548394973373,0.9289421455166591,7.0517260000051465,300,6,0.06,0.7,1.0,1,0.1,1.0
stage1,77,validation,52,485605,90631,0.029712563058312397,0.9295602243344108,12.589180899987696,500,6,0.02,0.7,0.7,5,0.1,10.0
stage1,59,validation,52,485605,90631,0.02971771962531496,0.9274401738953186,30.69452160000219,1200,8,0.04,0.85,0.85,1,0.0,3.0
stage1,71,validation,52,485605,90631,0.029747759657520148,0.9285017006252188,17.915282200003276,800,6,0.06,0.7,1.0,5,0.0,5.0
stage1,58,validation,52,485605,90631,0.029760108412402463,0.9290353508791919,9.461830700020073,500,6,0.08,0.85,0.85,10,0.1,3.0
stage2,39,validation,52,485605,90631,0.029762081066999478,0.9284920615765828,23.96621280000545,800,7,0.0075,0.6,0.8,1,0.001,0.5
stage1,46,validation,52,485605,90631,0.029767431542076447,0.9277985111016812,22.36319299999741,1200,6,0.04,0.85,1.0,3,0.0,3.0
stage1,3,validation,52,485605,90631,0.029779163832713926,0.928177776104398,26.5195015000063,500,8,0.08,1.0,0.7,10,0.01,1.0
stage1,10,validation,52,485605,90631,0.029779381847581637,0.9278880173746847,38.6506861000089,1200,6,0.04,0.7,1.0,1,0.0,1.0
stage1,51,validation,52,485605,90631,0.029785267731171884,0.9282954181479031,14.904021100024693,800,6,0.06,0.85,1.0,10,0.0,5.0
stage1,38,validation,52,485605,90631,0.029786149775165686,0.9284389153611976,6.275925399997504,300,6,0.08,0.85,0.85,1,0.01,3.0
stage1,34,validation,52,485605,90631,0.029817743404624102,0.9291039392345412,20.8253260999918,800,6,0.01,0.85,0.7,3,0.01,3.0
stage1,78,validation,52,485605,90631,0.02985070737006189,0.9272260471989695,23.78174769997713,800,8,0.06,0.85,0.85,3,0.1,5.0
stage1,70,validation,52,485605,90631,0.02987397874561835,0.9289808767211513,17.347912400000496,500,8,0.01,0.7,0.7,1,0.01,1.0
stage1,67,validation,52,485605,90631,0.029929085360931525,0.9287187596303991,15.993915500002913,800,5,0.08,0.7,1.0,10,1.0,1.0
stage1,19,validation,52,485605,90631,0.0299469451289541,0.9291755024849786,13.565889399993466,300,6,0.02,0.85,0.85,5,0.01,5.0
stage1,74,validation,52,485605,90631,0.029964534511998344,0.9280749697985246,15.714794700004859,800,6,0.08,0.85,1.0,10,0.01,5.0
stage2,24,validation,52,485605,90631,0.02999493501921055,0.9289451702706617,11.921722900005989,300,9,0.015,0.8,1.0,5,0.001,5.0
stage1,79,validation,52,485605,90631,0.029999337641826246,0.9287387887776561,18.928678000025684,1200,5,0.06,1.0,0.7,3,1.0,5.0
stage1,25,validation,52,485605,90631,0.030001902247713538,0.9298473483696321,8.264917499996955,300,5,0.04,1.0,1.0,10,0.1,5.0
stage1,62,validation,52,485605,90631,0.030016592388537218,0.9282509284400469,17.305472600011854,800,5,0.06,0.7,0.85,1,0.01,5.0
stage1,40,validation,52,485605,90631,0.030085231587518423,0.9296378775001344,5.114112799987197,300,5,0.04,1.0,0.85,1,0.1,10.0
stage1,2,validation,52,485605,90631,0.030087950681549697,0.9294640598434966,51.57253689999925,1200,5,0.01,1.0,0.7,5,1.0,10.0
stage1,54,validation,52,485605,90631,0.030114285388127722,0.929587198932989,10.550203499995405,500,5,0.02,0.85,1.0,10,0.1,1.0
stage1,1,validation,52,485605,90631,0.030127625509659663,0.929629445016741,75.67441430001054,1200,5,0.01,1.0,0.7,10,0.1,1.0
stage1,7,validation,52,485605,90631,0.03019500019714686,0.9268771578936023,44.69458849998773,800,8,0.08,0.7,1.0,10,0.0,10.0
baseline,0,validation,52,485605,90631,0.03021420150397512,0.9281102067014226,33.50370990001829,500,5,0.04,0.85,0.85,1,0.0,1.0
stage1,76,validation,52,485605,90631,0.030255915832154732,0.9272526235488485,22.119135899993125,1200,5,0.08,0.7,1.0,3,0.01,10.0
stage2,5,validation,52,485605,90631,0.030291204735397873,0.929973359525317,9.833476800005883,300,7,0.015,0.85,0.9,10,0.001,8.0
stage1,8,validation,52,485605,90631,0.03030234879629215,0.9285918583884967,17.41579249998904,500,5,0.04,0.7,0.7,3,0.01,3.0
stage1,37,validation,52,485605,90631,0.030310528696468414,0.9262555248311177,26.689206600014586,800,8,0.08,0.85,0.85,1,0.01,3.0
stage1,48,validation,52,485605,90631,0.03031722339072698,0.9297959115718921,12.050140600011218,500,6,0.01,0.7,0.85,10,0.01,5.0
stage1,47,validation,52,485605,90631,0.030328621891064618,0.9282605033309332,9.21082629999728,500,5,0.04,0.7,0.7,3,0.1,1.0
stage1,75,validation,52,485605,90631,0.030331124535337203,0.9287554875916534,10.156603999988874,500,5,0.02,0.85,0.7,3,0.01,5.0
stage1,65,validation,52,485605,90631,0.030464319994956655,0.9283655091013876,17.394638199999463,1200,4,0.06,1.0,0.85,10,1.0,5.0
stage1,9,validation,52,485605,90631,0.030502306152069142,0.9280444552931885,29.49092149999342,1200,4,0.04,0.7,0.85,10,0.01,1.0
stage1,22,validation,52,485605,90631,0.03060502223428302,0.9273672795107015,25.907453599997098,1200,4,0.04,1.0,0.7,3,0.01,1.0
stage1,33,validation,52,485605,90631,0.03065857014841766,0.9286213569486091,6.019528500008164,300,4,0.04,0.85,1.0,5,1.0,1.0
stage1,32,validation,52,485605,90631,0.030694668027306752,0.9283536922328647,9.533098100015195,500,4,0.06,0.7,0.7,1,0.1,3.0
stage1,12,validation,52,485605,90631,0.030698137905759315,0.9285274260252332,7.635891900019487,300,4,0.08,0.7,0.85,10,0.01,5.0
stage1,11,validation,52,485605,90631,0.030714310654818822,0.9282544755350831,12.573518700024579,500,4,0.04,0.85,1.0,1,0.1,5.0
stage1,31,validation,52,485605,90631,0.03071576843826822,0.9286879497461251,14.857777099998202,800,4,0.02,0.85,0.85,1,0.0,10.0
stage1,57,validation,52,485605,90631,0.030772214624836564,0.9282585291930637,4.713458000012906,300,4,0.06,1.0,1.0,1,1.0,3.0
stage1,28,validation,52,485605,90631,0.030828527894094158,0.9286758536598498,23.503061600000365,800,4,0.01,0.85,0.7,5,1.0,10.0
stage1,6,validation,52,485605,90631,0.030834985217731762,0.9281225922900899,21.63791359998868,800,3,0.08,0.85,0.85,3,1.0,3.0
stage1,21,validation,52,485605,90631,0.03084633553604214,0.9279219215250627,7.9244212999765296,300,4,0.08,0.85,0.7,5,0.1,3.0
stage1,23,validation,52,485605,90631,0.030863564857653066,0.9285482646303771,23.416669199999887,800,3,0.08,0.85,1.0,5,1.0,5.0
stage1,52,validation,52,485605,90631,0.030869451555753498,0.9283909332877165,17.62661149998894,1200,3,0.06,0.7,0.7,5,1.0,10.0
stage1,66,validation,52,485605,90631,0.03089082059139915,0.9266674376766156,19.108269999996992,1200,3,0.08,0.85,1.0,1,0.0,1.0
stage1,55,validation,52,485605,90631,0.030920113306482103,0.9291541548262154,11.30689059998258,500,5,0.01,0.85,0.7,10,0.01,10.0
stage1,43,validation,52,485605,90631,0.030932885927230546,0.9274207434820052,4.999506199994357,300,4,0.06,0.85,1.0,3,0.0,1.0
stage1,64,validation,52,485605,90631,0.0310049808048066,0.92801589552314,18.37198399999761,1200,3,0.06,0.85,0.85,5,0.1,10.0
stage1,60,validation,52,485605,90631,0.031095870298106,0.9277838100554279,15.636898500000825,1200,3,0.04,1.0,0.85,1,0.1,10.0
stage1,44,validation,52,485605,90631,0.031105404732514916,0.9282300989360397,17.429343099996913,1200,3,0.04,0.7,1.0,5,0.01,10.0
stage1,56,validation,52,485605,90631,0.031157222961819445,0.9282674749484133,5.281835700006923,300,4,0.02,1.0,0.85,1,0.01,3.0
stage1,53,validation,52,485605,90631,0.031186895641629443,0.928218512237026,5.664484800014179,300,4,0.02,0.85,0.7,3,0.1,3.0
stage1,42,validation,52,485605,90631,0.031237861494182822,0.9273985913694577,11.069785999978194,800,3,0.04,0.85,1.0,3,0.0,3.0
stage1,50,validation,52,485605,90631,0.03126703516304514,0.9282148502266812,18.073276900016936,1200,3,0.02,0.7,0.7,1,1.0,10.0
stage1,49,validation,52,485605,90631,0.03127603400392399,0.9280112835487421,7.255991100013489,500,3,0.04,0.85,1.0,10,0.1,3.0
stage1,30,validation,52,485605,90631,0.031305281066155426,0.9278109104281578,14.165329400013434,800,3,0.02,0.7,1.0,3,0.1,5.0
stage1,4,validation,52,485605,90631,0.03136870842777972,0.9274622194118824,28.863085099990712,1200,3,0.01,1.0,0.7,10,0.01,3.0
stage1,72,validation,52,485605,90631,0.031449067981496215,0.9275360876249421,4.82374069999787,300,3,0.08,0.85,0.7,3,0.1,5.0
stage1,20,validation,52,485605,90631,0.03152286015410005,0.9265348817129112,26.791722399997525,1200,3,0.01,1.0,1.0,5,0.01,1.0
stage1,61,validation,52,485605,90631,0.03556245447033316,0.9256959635273199,11.114473699999508,300,8,0.01,0.7,0.85,1,0.01,5.0
stage1,68,validation,52,485605,90631,0.03608766021545914,0.9259357459547539,7.69978500000434,300,6,0.01,0.85,0.7,10,0.0,10.0
