stage,trial,metric_scope,prediction_horizon_min,test_rows,target_mean,mae,relative_mae,r2,n_estimators,max_depth,learning_rate,subsample,colsample_bytree,min_child_weight,reg_alpha,reg_lambda
baseline,0,validation,5.0,10033,0.24673761397355856,0.016244705739300452,0.06583797856228481,0.970367284038449,500,5,0.04,0.85,0.85,1,0.0,1.0
baseline,0,validation,10.0,10226,0.24492056776600468,0.020719156561775684,0.08459541291595656,0.9488021446154868,500,5,0.04,0.85,0.85,1,0.0,1.0
baseline,0,validation,15.0,10050,0.24787172644001382,0.021244665305677115,0.08570830409259456,0.9570595598092123,500,5,0.04,0.85,0.85,1,0.0,1.0
baseline,0,validation,20.0,10014,0.24464012772246985,0.022861022129176907,0.0934475563841735,0.952208350788701,500,5,0.04,0.85,0.85,1,0.0,1.0
baseline,0,validation,30.0,10182,0.24292622524049884,0.02664284398727296,0.10967463048049399,0.9395463276292491,500,5,0.04,0.85,0.85,1,0.0,1.0
baseline,0,validation,45.0,10105,0.24047493207258544,0.0313578071273795,0.13039948429183626,0.9224525641407356,500,5,0.04,0.85,0.85,1,0.0,1.0
baseline,0,validation,60.0,10084,0.24538690556167989,0.03729026109367822,0.15196516296712104,0.9070640491947771,500,5,0.04,0.85,0.85,1,0.0,1.0
baseline,0,validation,90.0,9989,0.23830317805463633,0.04474008958229618,0.18774441007261145,0.8836633168182602,500,5,0.04,0.85,0.85,1,0.0,1.0
baseline,0,validation,120.0,9948,0.24625713515464295,0.05126207083767852,0.20816481441436122,0.8699980828457847,500,5,0.04,0.85,0.85,1,0.0,1.0
optuna,1,validation,5.0,10033,0.24673761397355856,0.02151061800901875,0.08718013302715945,0.9680252559865961,500,4,0.0077055940127295905,0.6,0.95,5,0.5,3.0
optuna,1,validation,10.0,10226,0.24492056776600468,0.024706753728267243,0.10087659829317354,0.9495791270922084,500,4,0.0077055940127295905,0.6,0.95,5,0.5,3.0
optuna,1,validation,15.0,10050,0.24787172644001382,0.02524864939933753,0.10186175632842025,0.9565871426660781,500,4,0.0077055940127295905,0.6,0.95,5,0.5,3.0
optuna,1,validation,20.0,10014,0.24464012772246985,0.026532943328301566,0.1084570367719954,0.9522961191294127,500,4,0.0077055940127295905,0.6,0.95,5,0.5,3.0
optuna,1,validation,30.0,10182,0.24292622524049884,0.030230207422003084,0.12444192631765033,0.9394418910570151,500,4,0.0077055940127295905,0.6,0.95,5,0.5,3.0
optuna,1,validation,45.0,10105,0.24047493207258544,0.03366929352282608,0.1400116562364316,0.9224153177695433,500,4,0.0077055940127295905,0.6,0.95,5,0.5,3.0
optuna,1,validation,60.0,10084,0.24538690556167989,0.039265622829644235,0.16001515133730115,0.9053991632736855,500,4,0.0077055940127295905,0.6,0.95,5,0.5,3.0
optuna,1,validation,90.0,9989,0.23830317805463633,0.046323179592428126,0.19438758631161646,0.8826006364747141,500,4,0.0077055940127295905,0.6,0.95,5,0.5,3.0
optuna,1,validation,120.0,9948,0.24625713515464295,0.05245266425830628,0.21299957146568524,0.8646139414689199,500,4,0.0077055940127295905,0.6,0.95,5,0.5,3.0
optuna,2,validation,5.0,10033,0.24673761397355856,0.01443165226829028,0.05848987528037309,0.9715183379210337,1200,9,0.01163486988336814,0.6,0.9,7,0.1,2.0
optuna,2,validation,10.0,10226,0.24492056776600468,0.018667326064553146,0.0762178784526899,0.9511778739611482,1200,9,0.01163486988336814,0.6,0.9,7,0.1,2.0
optuna,2,validation,15.0,10050,0.24787172644001382,0.01947671308410793,0.07857577531667932,0.9589875589480347,1200,9,0.01163486988336814,0.6,0.9,7,0.1,2.0
optuna,2,validation,20.0,10014,0.24464012772246985,0.021018715870534787,0.08591687744039814,0.955608388393515,1200,9,0.01163486988336814,0.6,0.9,7,0.1,2.0
optuna,2,validation,30.0,10182,0.24292622524049884,0.0256422331699892,0.10555563996683845,0.9407765318556539,1200,9,0.01163486988336814,0.6,0.9,7,0.1,2.0
optuna,2,validation,45.0,10105,0.24047493207258544,0.030301068224432775,0.12600510150175087,0.9263938526684222,1200,9,0.01163486988336814,0.6,0.9,7,0.1,2.0
optuna,2,validation,60.0,10084,0.24538690556167989,0.03608517609473617,0.14705420410326614,0.9098793842813274,1200,9,0.01163486988336814,0.6,0.9,7,0.1,2.0
optuna,2,validation,90.0,9989,0.23830317805463633,0.04377755314587313,0.18370528460109814,0.8866569880319926,1200,9,0.01163486988336814,0.6,0.9,7,0.1,2.0
optuna,2,validation,120.0,9948,0.24625713515464295,0.05112802900710961,0.2076204978791886,0.8709344601050517,1200,9,0.01163486988336814,0.6,0.9,7,0.1,2.0
optuna,3,validation,5.0,10033,0.24673761397355856,0.017808054951563207,0.07217405836416815,0.9710855728325799,300,4,0.04622867212183828,0.6,1.0,5,0.05,5.0
optuna,3,validation,10.0,10226,0.24492056776600468,0.021779052829205215,0.08892292316590072,0.9504256311045192,300,4,0.04622867212183828,0.6,1.0,5,0.05,5.0
optuna,3,validation,15.0,10050,0.24787172644001382,0.02234886950048217,0.09016304449668933,0.9582894668732335,300,4,0.04622867212183828,0.6,1.0,5,0.05,5.0
optuna,3,validation,20.0,10014,0.24464012772246985,0.02343441106657968,0.0957913621315824,0.9536658238386714,300,4,0.04622867212183828,0.6,1.0,5,0.05,5.0
optuna,3,validation,30.0,10182,0.24292622524049884,0.02740851184324353,0.11282648390929753,0.9409492782410561,300,4,0.04622867212183828,0.6,1.0,5,0.05,5.0
optuna,3,validation,45.0,10105,0.24047493207258544,0.03164553583864103,0.13159598618407792,0.9229647536096555,300,4,0.04622867212183828,0.6,1.0,5,0.05,5.0
optuna,3,validation,60.0,10084,0.24538690556167989,0.037416574112126844,0.15247991341054626,0.9065264141303825,300,4,0.04622867212183828,0.6,1.0,5,0.05,5.0
optuna,3,validation,90.0,9989,0.23830317805463633,0.04468276145071112,0.18750384201954118,0.8836657803616441,300,4,0.04622867212183828,0.6,1.0,5,0.05,5.0
optuna,3,validation,120.0,9948,0.24625713515464295,0.050438130048803806,0.20481895891922075,0.8691601527385224,300,4,0.04622867212183828,0.6,1.0,5,0.05,5.0
optuna,4,validation,5.0,10033,0.24673761397355856,0.02746960382774374,0.11133123720118125,0.9636906202197367,500,6,0.005365098290336189,0.6,0.6,5,0.1,10.0
optuna,4,validation,10.0,10226,0.24492056776600468,0.03048417110709568,0.12446554156374501,0.9444477606227779,500,6,0.005365098290336189,0.6,0.6,5,0.1,10.0
optuna,4,validation,15.0,10050,0.24787172644001382,0.030991245188909278,0.12502936754430244,0.9518918099234024,500,6,0.005365098290336189,0.6,0.6,5,0.1,10.0
optuna,4,validation,20.0,10014,0.24464012772246985,0.03225287127304635,0.13183802499332972,0.9480035238210087,500,6,0.005365098290336189,0.6,0.6,5,0.1,10.0
optuna,4,validation,30.0,10182,0.24292622524049884,0.036108468117489766,0.14863964597376056,0.9344969120959239,500,6,0.005365098290336189,0.6,0.6,5,0.1,10.0
optuna,4,validation,45.0,10105,0.24047493207258544,0.03966596802804126,0.16494845298913902,0.9175726033040041,500,6,0.005365098290336189,0.6,0.6,5,0.1,10.0
optuna,4,validation,60.0,10084,0.24538690556167989,0.04497826095898353,0.18329527753744748,0.9014123703082485,500,6,0.005365098290336189,0.6,0.6,5,0.1,10.0
optuna,4,validation,90.0,9989,0.23830317805463633,0.05187750135497427,0.21769538190162196,0.8789743756860028,500,6,0.005365098290336189,0.6,0.6,5,0.1,10.0
optuna,4,validation,120.0,9948,0.24625713515464295,0.05817852173945069,0.23625111086798,0.8614814227727858,500,6,0.005365098290336189,0.6,0.6,5,0.1,10.0
optuna,5,validation,5.0,10033,0.24673761397355856,0.01860693870716611,0.07541184502643407,0.9702592754077944,1200,3,0.02060492497082594,0.75,0.65,3,0.0,20.0
optuna,5,validation,10.0,10226,0.24492056776600468,0.022769431291364935,0.09296659524780575,0.9499705526615321,1200,3,0.02060492497082594,0.75,0.65,3,0.0,20.0
optuna,5,validation,15.0,10050,0.24787172644001382,0.02319512387922339,0.09357712641274851,0.9583982259152349,1200,3,0.02060492497082594,0.75,0.65,3,0.0,20.0
optuna,5,validation,20.0,10014,0.24464012772246985,0.024384525340698498,0.09967508424603726,0.953502686586568,1200,3,0.02060492497082594,0.75,0.65,3,0.0,20.0
optuna,5,validation,30.0,10182,0.24292622524049884,0.028030047155203068,0.11538501916560513,0.9404964959240596,1200,3,0.02060492497082594,0.75,0.65,3,0.0,20.0
optuna,5,validation,45.0,10105,0.24047493207258544,0.03201570817797255,0.133135324759376,0.9224414072016235,1200,3,0.02060492497082594,0.75,0.65,3,0.0,20.0
optuna,5,validation,60.0,10084,0.24538690556167989,0.03767658665612577,0.15353951576953836,0.9058003905589326,1200,3,0.02060492497082594,0.75,0.65,3,0.0,20.0
optuna,5,validation,90.0,9989,0.23830317805463633,0.04452922989320261,0.18685957214969787,0.8833022601453074,1200,3,0.02060492497082594,0.75,0.65,3,0.0,20.0
optuna,5,validation,120.0,9948,0.24625713515464295,0.050576533544102326,0.20538098728526832,0.8677583535480033,1200,3,0.02060492497082594,0.75,0.65,3,0.0,20.0
optuna,6,validation,5.0,10033,0.24673761397355856,0.014418899053842384,0.05843818792617316,0.9716065150679754,800,8,0.013861972205965517,0.85,0.85,3,1.0,1.0
optuna,6,validation,10.0,10226,0.24492056776600468,0.01880160651610752,0.0767661396819496,0.9498286163659867,800,8,0.013861972205965517,0.85,0.85,3,1.0,1.0
optuna,6,validation,15.0,10050,0.24787172644001382,0.019716920679257448,0.0795448555687897,0.957651611280185,800,8,0.013861972205965517,0.85,0.85,3,1.0,1.0
optuna,6,validation,20.0,10014,0.24464012772246985,0.02108751320325162,0.08619809595249309,0.9544324773461111,800,8,0.013861972205965517,0.85,0.85,3,1.0,1.0
optuna,6,validation,30.0,10182,0.24292622524049884,0.02559784717164131,0.10537292606551328,0.9403143138350619,800,8,0.013861972205965517,0.85,0.85,3,1.0,1.0
optuna,6,validation,45.0,10105,0.24047493207258544,0.03043203308953683,0.12654971072141175,0.9250802278069067,800,8,0.013861972205965517,0.85,0.85,3,1.0,1.0
optuna,6,validation,60.0,10084,0.24538690556167989,0.03621840786558557,0.14759714982624367,0.9092977440518766,800,8,0.013861972205965517,0.85,0.85,3,1.0,1.0
optuna,6,validation,90.0,9989,0.23830317805463633,0.04398602742726526,0.1845801125538514,0.8859229507481129,800,8,0.013861972205965517,0.85,0.85,3,1.0,1.0
optuna,6,validation,120.0,9948,0.24625713515464295,0.05081326556459511,0.2063423077373402,0.8724906178899148,800,8,0.013861972205965517,0.85,0.85,3,1.0,1.0
optuna,7,validation,5.0,10033,0.24673761397355856,0.01877949688837684,0.07611120406793481,0.9695169415576179,300,3,0.06016243801593678,1.0,0.85,5,0.01,10.0
optuna,7,validation,10.0,10226,0.24492056776600468,0.02292920881237989,0.093618959900037,0.9495829512841149,300,3,0.06016243801593678,1.0,0.85,5,0.01,10.0
optuna,7,validation,15.0,10050,0.24787172644001382,0.02339973396475006,0.09440259403854562,0.9573070950788086,300,3,0.06016243801593678,1.0,0.85,5,0.01,10.0
optuna,7,validation,20.0,10014,0.24464012772246985,0.024533291635858042,0.1002831868355205,0.9531889075398182,300,3,0.06016243801593678,1.0,0.85,5,0.01,10.0
optuna,7,validation,30.0,10182,0.24292622524049884,0.028408976618386116,0.11694487324396947,0.9399903169277998,300,3,0.06016243801593678,1.0,0.85,5,0.01,10.0
optuna,7,validation,45.0,10105,0.24047493207258544,0.032235262776514166,0.13404832885776305,0.9215216433562647,300,3,0.06016243801593678,1.0,0.85,5,0.01,10.0
optuna,7,validation,60.0,10084,0.24538690556167989,0.03792398048706764,0.15454769438597918,0.9048167154987488,300,3,0.06016243801593678,1.0,0.85,5,0.01,10.0
optuna,7,validation,90.0,9989,0.23830317805463633,0.04455884312349627,0.18698383918858252,0.8821417747745889,300,3,0.06016243801593678,1.0,0.85,5,0.01,10.0
optuna,7,validation,120.0,9948,0.24625713515464295,0.05035405932189847,0.20447756484407023,0.8672414473505119,300,3,0.06016243801593678,1.0,0.85,5,0.01,10.0
optuna,8,validation,5.0,10033,0.24673761397355856,0.015903918902173818,0.06445680756189102,0.9710658372027192,800,7,0.0064828453892942645,0.75,0.7,2,0.05,20.0
optuna,8,validation,10.0,10226,0.24492056776600468,0.01991364310609685,0.08130653659566149,0.9500766836429273,800,7,0.0064828453892942645,0.75,0.7,2,0.05,20.0
optuna,8,validation,15.0,10050,0.24787172644001382,0.020525426147372107,0.08280664536517585,0.9587187646569943,800,7,0.0064828453892942645,0.75,0.7,2,0.05,20.0
optuna,8,validation,20.0,10014,0.24464012772246985,0.02231076994289797,0.09119832527314674,0.9537262318833832,800,7,0.0064828453892942645,0.75,0.7,2,0.05,20.0
optuna,8,validation,30.0,10182,0.24292622524049884,0.02674239260836993,0.11008441999991872,0.9401486814867102,800,7,0.0064828453892942645,0.75,0.7,2,0.05,20.0
optuna,8,validation,45.0,10105,0.24047493207258544,0.031221370085965573,0.12983211936844066,0.9235158698331354,800,7,0.0064828453892942645,0.75,0.7,2,0.05,20.0
optuna,8,validation,60.0,10084,0.24538690556167989,0.037091617342268846,0.15115565053223912,0.9078435717986114,800,7,0.0064828453892942645,0.75,0.7,2,0.05,20.0
optuna,8,validation,90.0,9989,0.23830317805463633,0.04475835638681936,0.18782106370632418,0.8849228365704767,800,7,0.0064828453892942645,0.75,0.7,2,0.05,20.0
optuna,8,validation,120.0,9948,0.24625713515464295,0.051158965043360795,0.20774612281278396,0.8705663870187073,800,7,0.0064828453892942645,0.75,0.7,2,0.05,20.0
optuna,9,validation,5.0,10033,0.24673761397355856,0.018389898614238915,0.0745322057633647,0.9709331999056676,300,9,0.012038770175361676,0.65,0.85,10,0.001,3.0
optuna,9,validation,10.0,10226,0.24492056776600468,0.022142575508326108,0.09040717041567926,0.9514114138306081,300,9,0.012038770175361676,0.65,0.85,10,0.001,3.0
optuna,9,validation,15.0,10050,0.24787172644001382,0.022723674528096566,0.09167513719478533,0.9592042564808022,300,9,0.012038770175361676,0.65,0.85,10,0.001,3.0
optuna,9,validation,20.0,10014,0.24464012772246985,0.024472012405771834,0.10003269959674778,0.9544148463441277,300,9,0.012038770175361676,0.65,0.85,10,0.001,3.0
optuna,9,validation,30.0,10182,0.24292622524049884,0.028756528823397506,0.11837556358902099,0.9407578178011645,300,9,0.012038770175361676,0.65,0.85,10,0.001,3.0
optuna,9,validation,45.0,10105,0.24047493207258544,0.03321258771140405,0.13811247361691362,0.9249411556444919,300,9,0.012038770175361676,0.65,0.85,10,0.001,3.0
optuna,9,validation,60.0,10084,0.24538690556167989,0.038860230407532656,0.1583630973241351,0.90821107235827,300,9,0.012038770175361676,0.65,0.85,10,0.001,3.0
optuna,9,validation,90.0,9989,0.23830317805463633,0.04651433734986939,0.19518974832641528,0.885148176830409,300,9,0.012038770175361676,0.65,0.85,10,0.001,3.0
optuna,9,validation,120.0,9948,0.24625713515464295,0.05308607927908919,0.21557174067566626,0.8695983808109777,300,9,0.012038770175361676,0.65,0.85,10,0.001,3.0
optuna,10,validation,5.0,10033,0.24673761397355856,0.019620149931196696,0.07951827698755032,0.9692228325800186,500,3,0.024847842047952973,0.6,0.8,10,0.01,5.0
optuna,10,validation,10.0,10226,0.24492056776600468,0.02314624038454684,0.09450509034692664,0.9501780219861069,500,3,0.024847842047952973,0.6,0.8,10,0.01,5.0
optuna,10,validation,15.0,10050,0.24787172644001382,0.023683017423994878,0.095545457177127,0.9574857766567678,500,3,0.024847842047952973,0.6,0.8,10,0.01,5.0
optuna,10,validation,20.0,10014,0.24464012772246985,0.02480343867689529,0.10138744983420449,0.953138480738684,500,3,0.024847842047952973,0.6,0.8,10,0.01,5.0
optuna,10,validation,30.0,10182,0.24292622524049884,0.0282900568539307,0.11645534287590122,0.9402366063910076,500,3,0.024847842047952973,0.6,0.8,10,0.01,5.0
optuna,10,validation,45.0,10105,0.24047493207258544,0.032033793930395696,0.13321053323232274,0.9228013051065889,500,3,0.024847842047952973,0.6,0.8,10,0.01,5.0
optuna,10,validation,60.0,10084,0.24538690556167989,0.03767067518407282,0.15351542535591414,0.9057714602653881,500,3,0.024847842047952973,0.6,0.8,10,0.01,5.0
optuna,10,validation,90.0,9989,0.23830317805463633,0.04417087935413436,0.18535581319023448,0.8828779192482149,500,3,0.024847842047952973,0.6,0.8,10,0.01,5.0
optuna,10,validation,120.0,9948,0.24625713515464295,0.0495527899067015,0.20122377317345003,0.8660838002902369,500,3,0.024847842047952973,0.6,0.8,10,0.01,5.0
optuna,11,validation,5.0,10033,0.24673761397355856,0.015764039339754257,0.06388989131362678,0.96919282612933,1200,10,0.03444921750869451,0.9,0.95,7,0.1,2.0
optuna,11,validation,10.0,10226,0.24492056776600468,0.020143099502179938,0.08224339705689604,0.9474161200976086,1200,10,0.03444921750869451,0.9,0.95,7,0.1,2.0
optuna,11,validation,15.0,10050,0.24787172644001382,0.02130687490669266,0.08595927907029376,0.9549008657816148,1200,10,0.03444921750869451,0.9,0.95,7,0.1,2.0
optuna,11,validation,20.0,10014,0.24464012772246985,0.022497863933858157,0.0919630975641931,0.9529843528212506,1200,10,0.03444921750869451,0.9,0.95,7,0.1,2.0
optuna,11,validation,30.0,10182,0.24292622524049884,0.02716657014677203,0.1118305366984438,0.9366665125781568,1200,10,0.03444921750869451,0.9,0.95,7,0.1,2.0
optuna,11,validation,45.0,10105,0.24047493207258544,0.03184818784462911,0.13243870190600984,0.9224063256880317,1200,10,0.03444921750869451,0.9,0.95,7,0.1,2.0
optuna,11,validation,60.0,10084,0.24538690556167989,0.037002578589216455,0.15079280006616153,0.9059110640955816,1200,10,0.03444921750869451,0.9,0.95,7,0.1,2.0
optuna,11,validation,90.0,9989,0.23830317805463633,0.044580978359636175,0.1870767260578245,0.8833345463189777,1200,10,0.03444921750869451,0.9,0.95,7,0.1,2.0
optuna,11,validation,120.0,9948,0.24625713515464295,0.05192090666962096,0.2108402123537091,0.8662848893680404,1200,10,0.03444921750869451,0.9,0.95,7,0.1,2.0
optuna,12,validation,5.0,10033,0.24673761397355856,0.014420784173505731,0.058445828105686076,0.9715188490375501,800,8,0.011276360141640473,0.85,0.9,3,1.0,1.0
optuna,12,validation,10.0,10226,0.24492056776600468,0.018735720437833815,0.07649712969689743,0.9502107474832184,800,8,0.011276360141640473,0.85,0.9,3,1.0,1.0
optuna,12,validation,15.0,10050,0.24787172644001382,0.019653282619058476,0.07928811769427307,0.9578166589228265,800,8,0.011276360141640473,0.85,0.9,3,1.0,1.0
optuna,12,validation,20.0,10014,0.24464012772246985,0.021204283368817058,0.08667540998372965,0.9542114684937838,800,8,0.011276360141640473,0.85,0.9,3,1.0,1.0
optuna,12,validation,30.0,10182,0.24292622524049884,0.025652953279327793,0.10559976904070843,0.940447768488262,800,8,0.011276360141640473,0.85,0.9,3,1.0,1.0
optuna,12,validation,45.0,10105,0.24047493207258544,0.030458749178258002,0.1266608079093428,0.9247297665122972,800,8,0.011276360141640473,0.85,0.9,3,1.0,1.0
optuna,12,validation,60.0,10084,0.24538690556167989,0.036235058327313364,0.14766500373918853,0.9088908259765274,800,8,0.011276360141640473,0.85,0.9,3,1.0,1.0
optuna,12,validation,90.0,9989,0.23830317805463633,0.043972223976418714,0.18452218864801334,0.8857041024495059,800,8,0.011276360141640473,0.85,0.9,3,1.0,1.0
optuna,12,validation,120.0,9948,0.24625713515464295,0.050824781364164545,0.2063890710506639,0.8721070099671985,800,8,0.011276360141640473,0.85,0.9,3,1.0,1.0
optuna,13,validation,5.0,10033,0.24673761397355856,0.014244232324127812,0.057730283173015866,0.9703140694684345,800,10,0.01458945422899899,0.95,0.75,1,1.0,2.0
optuna,13,validation,10.0,10226,0.24492056776600468,0.01879882907751409,0.076754799521265,0.9486696158923887,800,10,0.01458945422899899,0.95,0.75,1,1.0,2.0
optuna,13,validation,15.0,10050,0.24787172644001382,0.0199686135279739,0.08056027129341194,0.9563326945590057,800,10,0.01458945422899899,0.95,0.75,1,1.0,2.0
optuna,13,validation,20.0,10014,0.24464012772246985,0.02135003033126244,0.08727117063756124,0.9534626118204315,800,10,0.01458945422899899,0.95,0.75,1,1.0,2.0
optuna,13,validation,30.0,10182,0.24292622524049884,0.026019596141107573,0.10710904561805944,0.9384709192074531,800,10,0.01458945422899899,0.95,0.75,1,1.0,2.0
optuna,13,validation,45.0,10105,0.24047493207258544,0.030482062840134366,0.1267577563175425,0.9246101046867401,800,10,0.01458945422899899,0.95,0.75,1,1.0,2.0
optuna,13,validation,60.0,10084,0.24538690556167989,0.035939758130025166,0.14646159723869795,0.909284599528406,800,10,0.01458945422899899,0.95,0.75,1,1.0,2.0
optuna,13,validation,90.0,9989,0.23830317805463633,0.04378578693555021,0.1837398363420539,0.8855843607443087,800,10,0.01458945422899899,0.95,0.75,1,1.0,2.0
optuna,13,validation,120.0,9948,0.24625713515464295,0.05069206333165682,0.2058501301894199,0.8719447435704322,800,10,0.01458945422899899,0.95,0.75,1,1.0,2.0
optuna,14,validation,5.0,10033,0.24673761397355856,0.014345016335062459,0.05813874951631708,0.9722156912230667,1200,8,0.00977322389481531,0.8,0.8,12,1.0,1.0
optuna,14,validation,10.0,10226,0.24492056776600468,0.018600375168661074,0.07594452086372647,0.9515573208012323,1200,8,0.00977322389481531,0.8,0.8,12,1.0,1.0
optuna,14,validation,15.0,10050,0.24787172644001382,0.019377185346466895,0.07817424611013983,0.9597603081143306,1200,8,0.00977322389481531,0.8,0.8,12,1.0,1.0
optuna,14,validation,20.0,10014,0.24464012772246985,0.021004943642538746,0.08586058157379499,0.9556811009230995,1200,8,0.00977322389481531,0.8,0.8,12,1.0,1.0
optuna,14,validation,30.0,10182,0.24292622524049884,0.025572911973643423,0.10527028091893349,0.9414404177956736,1200,8,0.00977322389481531,0.8,0.8,12,1.0,1.0
optuna,14,validation,45.0,10105,0.24047493207258544,0.03027750820290458,0.12590712862231127,0.9264550181094738,1200,8,0.00977322389481531,0.8,0.8,12,1.0,1.0
optuna,14,validation,60.0,10084,0.24538690556167989,0.036218367869101695,0.14759698683268951,0.9098048445779963,1200,8,0.00977322389481531,0.8,0.8,12,1.0,1.0
optuna,14,validation,90.0,9989,0.23830317805463633,0.04388366616033458,0.18415057037247431,0.8869498547734882,1200,8,0.00977322389481531,0.8,0.8,12,1.0,1.0
optuna,14,validation,120.0,9948,0.24625713515464295,0.050707570059333976,0.20591309984781136,0.8730871118046047,1200,8,0.00977322389481531,0.8,0.8,12,1.0,1.0
optuna,15,validation,5.0,10033,0.24673761397355856,0.015698300782312685,0.06362346028034048,0.9720009870642932,1200,6,0.009438645681454236,0.7,0.75,12,0.1,0.5
optuna,15,validation,10.0,10226,0.24492056776600468,0.019779199608056085,0.08075760965470645,0.9507251761474272,1200,6,0.009438645681454236,0.7,0.75,12,0.1,0.5
optuna,15,validation,15.0,10050,0.24787172644001382,0.020328997006732998,0.0820141824914941,0.9595362882931947,1200,6,0.009438645681454236,0.7,0.75,12,0.1,0.5
optuna,15,validation,20.0,10014,0.24464012772246985,0.021975506091518892,0.08982788840123906,0.954722292881872,1200,6,0.009438645681454236,0.7,0.75,12,0.1,0.5
optuna,15,validation,30.0,10182,0.24292622524049884,0.026217523138800717,0.10792380737339152,0.9417129170089751,1200,6,0.009438645681454236,0.7,0.75,12,0.1,0.5
optuna,15,validation,45.0,10105,0.24047493207258544,0.03082432510428317,0.12818103258671093,0.9249753626403452,1200,6,0.009438645681454236,0.7,0.75,12,0.1,0.5
optuna,15,validation,60.0,10084,0.24538690556167989,0.036885096468620336,0.15031403727184206,0.9080404145098216,1200,6,0.009438645681454236,0.7,0.75,12,0.1,0.5
optuna,15,validation,90.0,9989,0.23830317805463633,0.04443446227819771,0.18646189547673642,0.8856587996153711,1200,6,0.009438645681454236,0.7,0.75,12,0.1,0.5
optuna,15,validation,120.0,9948,0.24625713515464295,0.05078722822315444,0.2062365754042473,0.8721616435681262,1200,6,0.009438645681454236,0.7,0.75,12,0.1,0.5
optuna,16,validation,5.0,10033,0.24673761397355856,0.014249919384771877,0.057753332194818735,0.9719888336263258,1200,8,0.01789872272757158,0.8,0.8,12,0.5,15.0
optuna,16,validation,10.0,10226,0.24492056776600468,0.018760988439704643,0.07660029784688706,0.9508355752015523,1200,8,0.01789872272757158,0.8,0.8,12,0.5,15.0
optuna,16,validation,15.0,10050,0.24787172644001382,0.019594998040672343,0.0790529776110404,0.9591562967306909,1200,8,0.01789872272757158,0.8,0.8,12,0.5,15.0
optuna,16,validation,20.0,10014,0.24464012772246985,0.02103142546890664,0.08596882966299617,0.9558179050717024,1200,8,0.01789872272757158,0.8,0.8,12,0.5,15.0
optuna,16,validation,30.0,10182,0.24292622524049884,0.025642018435119082,0.10555475601587802,0.941159816984333,1200,8,0.01789872272757158,0.8,0.8,12,0.5,15.0
optuna,16,validation,45.0,10105,0.24047493207258544,0.03039426072139867,0.12639263668540887,0.9264673728515427,1200,8,0.01789872272757158,0.8,0.8,12,0.5,15.0
optuna,16,validation,60.0,10084,0.24538690556167989,0.03631132326538506,0.1479757983918092,0.9094977091255784,1200,8,0.01789872272757158,0.8,0.8,12,0.5,15.0
optuna,16,validation,90.0,9989,0.23830317805463633,0.04390832754307948,0.18425405779948312,0.8869060475550806,1200,8,0.01789872272757158,0.8,0.8,12,0.5,15.0
optuna,16,validation,120.0,9948,0.24625713515464295,0.050859964082281765,0.20653194089317678,0.873790412408066,1200,8,0.01789872272757158,0.8,0.8,12,0.5,15.0
optuna,17,validation,5.0,10033,0.24673761397355856,0.014270346223070617,0.05783611988968933,0.9719310938394816,1200,9,0.008309221030656361,0.7,0.9,7,0.0,8.0
optuna,17,validation,10.0,10226,0.24492056776600468,0.018631286430356022,0.07607073019753986,0.9509850725474168,1200,9,0.008309221030656361,0.7,0.9,7,0.0,8.0
optuna,17,validation,15.0,10050,0.24787172644001382,0.0194357081136866,0.07841034712924444,0.9591826732986986,1200,9,0.008309221030656361,0.7,0.9,7,0.0,8.0
optuna,17,validation,20.0,10014,0.24464012772246985,0.021018217370584614,0.08591483975363426,0.9553405136896995,1200,9,0.008309221030656361,0.7,0.9,7,0.0,8.0
optuna,17,validation,30.0,10182,0.24292622524049884,0.025552502150884487,0.10518626437136341,0.9411996990331575,1200,9,0.008309221030656361,0.7,0.9,7,0.0,8.0
optuna,17,validation,45.0,10105,0.24047493207258544,0.03035665721626478,0.12623626485567263,0.9259241506188928,1200,9,0.008309221030656361,0.7,0.9,7,0.0,8.0
optuna,17,validation,60.0,10084,0.24538690556167989,0.03607357564479506,0.14700692998358744,0.9102908504767867,1200,9,0.008309221030656361,0.7,0.9,7,0.0,8.0
optuna,17,validation,90.0,9989,0.23830317805463633,0.04381240574390686,0.1838515377829409,0.8869803004675736,1200,9,0.008309221030656361,0.7,0.9,7,0.0,8.0
optuna,17,validation,120.0,9948,0.24625713515464295,0.05079278029402998,0.2062591212316892,0.8721716106282182,1200,9,0.008309221030656361,0.7,0.9,7,0.0,8.0
optuna,18,validation,5.0,10033,0.24673761397355856,0.014987662794004533,0.060743323859858166,0.9719120914454937,1200,7,0.008018894333062779,0.7,1.0,7,0.0,8.0
optuna,18,validation,10.0,10226,0.24492056776600468,0.01913862433493631,0.07814216874272974,0.9510587708167262,1200,7,0.008018894333062779,0.7,1.0,7,0.0,8.0
optuna,18,validation,15.0,10050,0.24787172644001382,0.0198455546321772,0.0800638092823383,0.9592956920237335,1200,7,0.008018894333062779,0.7,1.0,7,0.0,8.0
optuna,18,validation,20.0,10014,0.24464012772246985,0.021379796018161357,0.08739284195606498,0.9551435539681888,1200,7,0.008018894333062779,0.7,1.0,7,0.0,8.0
optuna,18,validation,30.0,10182,0.24292622524049884,0.025831512345362385,0.10633480316828284,0.9417313281735405,1200,7,0.008018894333062779,0.7,1.0,7,0.0,8.0
optuna,18,validation,45.0,10105,0.24047493207258544,0.030489685093146677,0.126789452981085,0.9256812918786138,1200,7,0.008018894333062779,0.7,1.0,7,0.0,8.0
optuna,18,validation,60.0,10084,0.24538690556167989,0.03640612999762208,0.1483621545097936,0.9089828107777809,1200,7,0.008018894333062779,0.7,1.0,7,0.0,8.0
optuna,18,validation,90.0,9989,0.23830317805463633,0.04414809464214966,0.18526020090268255,0.8856173467960992,1200,7,0.008018894333062779,0.7,1.0,7,0.0,8.0
optuna,18,validation,120.0,9948,0.24625713515464295,0.0507420200009903,0.20605299403457145,0.8721808269654127,1200,7,0.008018894333062779,0.7,1.0,7,0.0,8.0
optuna,19,validation,5.0,10033,0.24673761397355856,0.014325224012975426,0.05805853344480577,0.9722607091169908,1200,9,0.006153676850674086,0.8,0.75,12,0.0,8.0
optuna,19,validation,10.0,10226,0.24492056776600468,0.01864205467214114,0.07611469645926847,0.9516409632268419,1200,9,0.006153676850674086,0.8,0.75,12,0.0,8.0
optuna,19,validation,15.0,10050,0.24787172644001382,0.019444025983053725,0.07844390428191605,0.9596926301829384,1200,9,0.006153676850674086,0.8,0.75,12,0.0,8.0
optuna,19,validation,20.0,10014,0.24464012772246985,0.021160314070570382,0.08649567946013968,0.9552402919468151,1200,9,0.006153676850674086,0.8,0.75,12,0.0,8.0
optuna,19,validation,30.0,10182,0.24292622524049884,0.025626324742699626,0.10549015330612974,0.941414299911503,1200,9,0.006153676850674086,0.8,0.75,12,0.0,8.0
optuna,19,validation,45.0,10105,0.24047493207258544,0.030360586766421508,0.12625260564480545,0.9260915607791711,1200,9,0.006153676850674086,0.8,0.75,12,0.0,8.0
optuna,19,validation,60.0,10084,0.24538690556167989,0.036162759992107316,0.1473703737749671,0.9096345738162561,1200,9,0.006153676850674086,0.8,0.75,12,0.0,8.0
optuna,19,validation,90.0,9989,0.23830317805463633,0.043870136101348066,0.18409379371050544,0.8867778647397555,1200,9,0.006153676850674086,0.8,0.75,12,0.0,8.0
optuna,19,validation,120.0,9948,0.24625713515464295,0.050595023998126376,0.2054560732478027,0.8727641020061522,1200,9,0.006153676850674086,0.8,0.75,12,0.0,8.0
optuna,20,validation,5.0,10033,0.24673761397355856,0.015682696769734418,0.06356021895962341,0.9715778110386827,1200,5,0.028469452505046143,0.7,0.9,2,0.001,8.0
optuna,20,validation,10.0,10226,0.24492056776600468,0.02022722311811932,0.08258687011310646,0.9499682942191241,1200,5,0.028469452505046143,0.7,0.9,2,0.001,8.0
optuna,20,validation,15.0,10050,0.24787172644001382,0.02092870154159584,0.08443359733753533,0.9576719912964408,1200,5,0.028469452505046143,0.7,0.9,2,0.001,8.0
optuna,20,validation,20.0,10014,0.24464012772246985,0.02227698745877005,0.09106023474628828,0.9543939002044413,1200,5,0.028469452505046143,0.7,0.9,2,0.001,8.0
optuna,20,validation,30.0,10182,0.24292622524049884,0.02623622536674747,0.10800079464773063,0.9411637664550971,1200,5,0.028469452505046143,0.7,0.9,2,0.001,8.0
optuna,20,validation,45.0,10105,0.24047493207258544,0.030985581846444166,0.12885160868697706,0.9249667534762877,1200,5,0.028469452505046143,0.7,0.9,2,0.001,8.0
optuna,20,validation,60.0,10084,0.24538690556167989,0.03706868189347388,0.15106218405837624,0.9076360116932072,1200,5,0.028469452505046143,0.7,0.9,2,0.001,8.0
optuna,20,validation,90.0,9989,0.23830317805463633,0.04483812742513133,0.18815580971753212,0.8840454645274123,1200,5,0.028469452505046143,0.7,0.9,2,0.001,8.0
optuna,20,validation,120.0,9948,0.24625713515464295,0.05110567099141849,0.20752970653754044,0.8719232086808298,1200,5,0.028469452505046143,0.7,0.9,2,0.001,8.0
optuna,21,validation,5.0,10033,0.24673761397355856,0.014132699183131056,0.05727825180576471,0.9711926780680199,1200,10,0.008567527716651112,0.75,0.7,1,1.0,1.0
optuna,21,validation,10.0,10226,0.24492056776600468,0.018556493730414406,0.07576535486453365,0.9499699932207482,1200,10,0.008567527716651112,0.75,0.7,1,1.0,1.0
optuna,21,validation,15.0,10050,0.24787172644001382,0.019534361625995797,0.0788083494093999,0.9577202038684185,1200,10,0.008567527716651112,0.75,0.7,1,1.0,1.0
optuna,21,validation,20.0,10014,0.24464012772246985,0.021123954392067178,0.08634705429859442,0.954047587862328,1200,10,0.008567527716651112,0.75,0.7,1,1.0,1.0
optuna,21,validation,30.0,10182,0.24292622524049884,0.025809629055266545,0.10624472112763789,0.9394564612405012,1200,10,0.008567527716651112,0.75,0.7,1,1.0,1.0
optuna,21,validation,45.0,10105,0.24047493207258544,0.030440024558889302,0.12658294274806667,0.9250049529482942,1200,10,0.008567527716651112,0.75,0.7,1,1.0,1.0
optuna,21,validation,60.0,10084,0.24538690556167989,0.0360046086087346,0.14672587571990292,0.9095775006920446,1200,10,0.008567527716651112,0.75,0.7,1,1.0,1.0
optuna,21,validation,90.0,9989,0.23830317805463633,0.043700068550536916,0.18338013327089453,0.8865737123402297,1200,10,0.008567527716651112,0.75,0.7,1,1.0,1.0
optuna,21,validation,120.0,9948,0.24625713515464295,0.050810747198442134,0.20633208116603133,0.872331717473395,1200,10,0.008567527716651112,0.75,0.7,1,1.0,1.0
optuna,22,validation,5.0,10033,0.24673761397355856,0.014123519821298837,0.05724104887717838,0.9710784866319926,1200,10,0.009895208324339195,0.75,0.7,1,1.0,1.0
optuna,22,validation,10.0,10226,0.24492056776600468,0.018562346465196194,0.07578925132547677,0.9496405332260957,1200,10,0.009895208324339195,0.75,0.7,1,1.0,1.0
optuna,22,validation,15.0,10050,0.24787172644001382,0.019619752072976466,0.07915284391148396,0.9574654650981845,1200,10,0.009895208324339195,0.75,0.7,1,1.0,1.0
optuna,22,validation,20.0,10014,0.24464012772246985,0.021114987500150968,0.08631040090080687,0.9541656059271983,1200,10,0.009895208324339195,0.75,0.7,1,1.0,1.0
optuna,22,validation,30.0,10182,0.24292622524049884,0.025850365926909688,0.10641241348610109,0.9393863170744265,1200,10,0.009895208324339195,0.75,0.7,1,1.0,1.0
optuna,22,validation,45.0,10105,0.24047493207258544,0.03042985825155359,0.12654066679336282,0.925106586312573,1200,10,0.009895208324339195,0.75,0.7,1,1.0,1.0
optuna,22,validation,60.0,10084,0.24538690556167989,0.03588186007379686,0.14622565124925818,0.9100564773103675,1200,10,0.009895208324339195,0.75,0.7,1,1.0,1.0
optuna,22,validation,90.0,9989,0.23830317805463633,0.04370556101193619,0.1834031814796684,0.886364772837467,1200,10,0.009895208324339195,0.75,0.7,1,1.0,1.0
optuna,22,validation,120.0,9948,0.24625713515464295,0.05083470426127988,0.20642936591200509,0.8723390031701463,1200,10,0.009895208324339195,0.75,0.7,1,1.0,1.0
optuna,23,validation,5.0,10033,0.24673761397355856,0.014294211030366806,0.05793284128904089,0.9713567115367223,1200,9,0.008314268143022588,0.85,0.6,1,1.0,1.0
optuna,23,validation,10.0,10226,0.24492056776600468,0.018718059128073464,0.07642501933915391,0.9498684667740155,1200,9,0.008314268143022588,0.85,0.6,1,1.0,1.0
optuna,23,validation,15.0,10050,0.24787172644001382,0.019635345299017656,0.07921575236120973,0.9582617592024567,1200,9,0.008314268143022588,0.85,0.6,1,1.0,1.0
optuna,23,validation,20.0,10014,0.24464012772246985,0.021195717613695732,0.086640396287485,0.9544362323399407,1200,9,0.008314268143022588,0.85,0.6,1,1.0,1.0
optuna,23,validation,30.0,10182,0.24292622524049884,0.02577593865312843,0.1061060353924738,0.940114798047678,1200,9,0.008314268143022588,0.85,0.6,1,1.0,1.0
optuna,23,validation,45.0,10105,0.24047493207258544,0.030493683009432913,0.1268060780665015,0.9250955055876119,1200,9,0.008314268143022588,0.85,0.6,1,1.0,1.0
optuna,23,validation,60.0,10084,0.24538690556167989,0.03614646017277328,0.14730394879887992,0.9092792670743732,1200,9,0.008314268143022588,0.85,0.6,1,1.0,1.0
optuna,23,validation,90.0,9989,0.23830317805463633,0.043992998983965734,0.1846093675422128,0.8860426448184399,1200,9,0.008314268143022588,0.85,0.6,1,1.0,1.0
optuna,23,validation,120.0,9948,0.24625713515464295,0.050670122671339995,0.2057610336428242,0.8732446566622342,1200,9,0.008314268143022588,0.85,0.6,1,1.0,1.0
optuna,24,validation,5.0,10033,0.24673761397355856,0.01505919476850423,0.06103323496561832,0.9711000402161837,1200,8,0.005246523287242416,0.75,0.7,1,0.0,1.0
optuna,24,validation,10.0,10226,0.24492056776600468,0.019266951999997457,0.07866612500427062,0.9497594302647736,1200,8,0.005246523287242416,0.75,0.7,1,0.0,1.0
optuna,24,validation,15.0,10050,0.24787172644001382,0.019947283759874625,0.08047421965531017,0.9582176725751287,1200,8,0.005246523287242416,0.75,0.7,1,0.0,1.0
optuna,24,validation,20.0,10014,0.24464012772246985,0.02173612270058827,0.08884937603223725,0.953337438948009,1200,8,0.005246523287242416,0.75,0.7,1,0.0,1.0
optuna,24,validation,30.0,10182,0.24292622524049884,0.026223863818100917,0.10794990862818162,0.9397197805725306,1200,8,0.005246523287242416,0.75,0.7,1,0.0,1.0
optuna,24,validation,45.0,10105,0.24047493207258544,0.030778053630685066,0.12798861555097543,0.9239483595361822,1200,8,0.005246523287242416,0.75,0.7,1,0.0,1.0
optuna,24,validation,60.0,10084,0.24538690556167989,0.03645753666597082,0.14857164681432822,0.9088016061345682,1200,8,0.005246523287242416,0.75,0.7,1,0.0,1.0
optuna,24,validation,90.0,9989,0.23830317805463633,0.04424439679285999,0.18566431700174799,0.8850787676261267,1200,8,0.005246523287242416,0.75,0.7,1,0.0,1.0
optuna,24,validation,120.0,9948,0.24625713515464295,0.0509424624959266,0.20686695012486067,0.8713666838699077,1200,8,0.005246523287242416,0.75,0.7,1,0.0,1.0
optuna,25,validation,5.0,10033,0.24673761397355856,0.014402573980830165,0.058372024228027126,0.9715899657042809,1200,10,0.016893720326231928,0.65,0.65,7,1.0,0.5
optuna,25,validation,10.0,10226,0.24492056776600468,0.01877384755890076,0.07665280106992547,0.9508105213512031,1200,10,0.016893720326231928,0.65,0.65,7,1.0,0.5
optuna,25,validation,15.0,10050,0.24787172644001382,0.01985642657490995,0.08010767044750182,0.9581158294812359,1200,10,0.016893720326231928,0.65,0.65,7,1.0,0.5
optuna,25,validation,20.0,10014,0.24464012772246985,0.021296746379802473,0.08705336519429227,0.9554212859419575,1200,10,0.016893720326231928,0.65,0.65,7,1.0,0.5
optuna,25,validation,30.0,10182,0.24292622524049884,0.02604566320638941,0.10721635006926075,0.9394756852453443,1200,10,0.016893720326231928,0.65,0.65,7,1.0,0.5
optuna,25,validation,45.0,10105,0.24047493207258544,0.03045444236261101,0.1266428982852091,0.9266364333573496,1200,10,0.016893720326231928,0.65,0.65,7,1.0,0.5
optuna,25,validation,60.0,10084,0.24538690556167989,0.03614097232817541,0.14728158475062192,0.9101164288001412,1200,10,0.016893720326231928,0.65,0.65,7,1.0,0.5
optuna,25,validation,90.0,9989,0.23830317805463633,0.04372645902422452,0.18349087654298615,0.8873487626520921,1200,10,0.016893720326231928,0.65,0.65,7,1.0,0.5
optuna,25,validation,120.0,9948,0.24625713515464295,0.0506730127166212,0.20577276952726625,0.8732395165972772,1200,10,0.016893720326231928,0.65,0.65,7,1.0,0.5
optuna,26,validation,5.0,10033,0.24673761397355856,0.014052628615969402,0.05695373473732035,0.9724216257917123,1200,9,0.00667356748191079,0.8,0.8,12,1.0,15.0
optuna,26,validation,10.0,10226,0.24492056776600468,0.018452643675351113,0.07534133961742501,0.9518761738357523,1200,9,0.00667356748191079,0.8,0.8,12,1.0,15.0
optuna,26,validation,15.0,10050,0.24787172644001382,0.01917685684016543,0.07736605185104209,0.9601269369034887,1200,9,0.00667356748191079,0.8,0.8,12,1.0,15.0
optuna,26,validation,20.0,10014,0.24464012772246985,0.020968741114268937,0.08571259878533405,0.9555574569754409,1200,9,0.00667356748191079,0.8,0.8,12,1.0,15.0
optuna,26,validation,30.0,10182,0.24292622524049884,0.02547449567270266,0.10486515256836809,0.942061112720383,1200,9,0.00667356748191079,0.8,0.8,12,1.0,15.0
optuna,26,validation,45.0,10105,0.24047493207258544,0.030219063520054993,0.12566409005548074,0.9264891434973395,1200,9,0.00667356748191079,0.8,0.8,12,1.0,15.0
optuna,26,validation,60.0,10084,0.24538690556167989,0.03601300663550812,0.1467600993340534,0.9100221844264116,1200,9,0.00667356748191079,0.8,0.8,12,1.0,15.0
optuna,26,validation,90.0,9989,0.23830317805463633,0.043708771596477555,0.18341665416839864,0.8874590216826449,1200,9,0.00667356748191079,0.8,0.8,12,1.0,15.0
optuna,26,validation,120.0,9948,0.24625713515464295,0.05044730887640826,0.20485623226603644,0.873870173163388,1200,9,0.00667356748191079,0.8,0.8,12,1.0,15.0
optuna,27,validation,5.0,10033,0.24673761397355856,0.014972680797007755,0.06068260349884185,0.9719640557177678,1200,7,0.00711201132642349,0.9,0.8,12,0.0,15.0
optuna,27,validation,10.0,10226,0.24492056776600468,0.019213923294148682,0.07844961111026626,0.9511905605253848,1200,7,0.00711201132642349,0.9,0.8,12,0.0,15.0
optuna,27,validation,15.0,10050,0.24787172644001382,0.019854515529970054,0.08009996063336794,0.9597755371099976,1200,7,0.00711201132642349,0.9,0.8,12,0.0,15.0
optuna,27,validation,20.0,10014,0.24464012772246985,0.021525542643399183,0.08798860123151453,0.9551403985882092,1200,7,0.00711201132642349,0.9,0.8,12,0.0,15.0
optuna,27,validation,30.0,10182,0.24292622524049884,0.025859359828336627,0.10644943666636099,0.9418761232070105,1200,7,0.00711201132642349,0.9,0.8,12,0.0,15.0
optuna,27,validation,45.0,10105,0.24047493207258544,0.03060197271546849,0.12725639405204833,0.9253087855036761,1200,7,0.00711201132642349,0.9,0.8,12,0.0,15.0
optuna,27,validation,60.0,10084,0.24538690556167989,0.0365963008167117,0.14913713807566203,0.9086491553753921,1200,7,0.00711201132642349,0.9,0.8,12,0.0,15.0
optuna,27,validation,90.0,9989,0.23830317805463633,0.04424977287907687,0.1856868768612545,0.8862124897770537,1200,7,0.00711201132642349,0.9,0.8,12,0.0,15.0
optuna,27,validation,120.0,9948,0.24625713515464295,0.05059274167863922,0.20544680521386038,0.8731073115816469,1200,7,0.00711201132642349,0.9,0.8,12,0.0,15.0
optuna,28,validation,5.0,10033,0.24673761397355856,0.042178754366303986,0.17094578198694926,0.9437325844815659,300,9,0.006257012054484982,0.8,0.85,12,1.0,15.0
optuna,28,validation,10.0,10226,0.24492056776600468,0.044438833887984225,0.1814418212946524,0.9262208476733028,300,9,0.006257012054484982,0.8,0.85,12,1.0,15.0
optuna,28,validation,15.0,10050,0.24787172644001382,0.04481512157856753,0.18079965077990856,0.9330007878951893,300,9,0.006257012054484982,0.8,0.85,12,1.0,15.0
optuna,28,validation,20.0,10014,0.24464012772246985,0.04580909177303515,0.18725093139667967,0.9296929247905288,300,9,0.006257012054484982,0.8,0.85,12,1.0,15.0
optuna,28,validation,30.0,10182,0.24292622524049884,0.049297772305196656,0.20293310142365847,0.9161588434023121,300,9,0.006257012054484982,0.8,0.85,12,1.0,15.0
optuna,28,validation,45.0,10105,0.24047493207258544,0.052569578705117886,0.21860731283729057,0.9002181528163248,300,9,0.006257012054484982,0.8,0.85,12,1.0,15.0
optuna,28,validation,60.0,10084,0.24538690556167989,0.05714335420367276,0.23287042995580437,0.8843005707639309,300,9,0.006257012054484982,0.8,0.85,12,1.0,15.0
optuna,28,validation,90.0,9989,0.23830317805463633,0.06337421002370523,0.2659394244804208,0.8626496327816444,300,9,0.006257012054484982,0.8,0.85,12,1.0,15.0
optuna,28,validation,120.0,9948,0.24625713515464295,0.06923272942171178,0.2811399936827636,0.8470674012817614,300,9,0.006257012054484982,0.8,0.85,12,1.0,15.0
optuna,29,validation,5.0,10033,0.24673761397355856,0.015015533568539397,0.06085628099714268,0.9720859159360096,500,8,0.0105816323583603,0.9,0.95,12,0.001,15.0
optuna,29,validation,10.0,10226,0.24492056776600468,0.019163769198461966,0.07824483412422469,0.9518968897092304,500,8,0.0105816323583603,0.9,0.95,12,0.001,15.0
optuna,29,validation,15.0,10050,0.24787172644001382,0.019901983365051053,0.0802914622449585,0.9600966950055139,500,8,0.0105816323583603,0.9,0.95,12,0.001,15.0
optuna,29,validation,20.0,10014,0.24464012772246985,0.021678970843181038,0.08861575999410277,0.9549641693560256,500,8,0.0105816323583603,0.9,0.95,12,0.001,15.0
optuna,29,validation,30.0,10182,0.24292622524049884,0.026138206766126295,0.10759730342102533,0.9420644657007173,500,8,0.0105816323583603,0.9,0.95,12,0.001,15.0
optuna,29,validation,45.0,10105,0.24047493207258544,0.030870642466996157,0.1283736404494673,0.9252297144433838,500,8,0.0105816323583603,0.9,0.95,12,0.001,15.0
optuna,29,validation,60.0,10084,0.24538690556167989,0.0366827040849368,0.14948924842167796,0.9085655854290722,500,8,0.0105816323583603,0.9,0.95,12,0.001,15.0
optuna,29,validation,90.0,9989,0.23830317805463633,0.04436914972250466,0.18618782210421062,0.8857585774892073,500,8,0.0105816323583603,0.9,0.95,12,0.001,15.0
optuna,29,validation,120.0,9948,0.24625713515464295,0.050739960521950164,0.2060446309102346,0.8720278495928054,500,8,0.0105816323583603,0.9,0.95,12,0.001,15.0
optuna,30,validation,5.0,10033,0.24673761397355856,0.017936065667393,0.07269287150241756,0.9710858378345892,500,9,0.007401534480876443,0.85,0.9,12,0.5,3.0
optuna,30,validation,10.0,10226,0.24492056776600468,0.021766356133304136,0.0888710831100945,0.9513079328247247,500,9,0.007401534480876443,0.85,0.9,12,0.5,3.0
optuna,30,validation,15.0,10050,0.24787172644001382,0.02228036357092018,0.0898866679589297,0.9596202229259878,500,9,0.007401534480876443,0.85,0.9,12,0.5,3.0
optuna,30,validation,20.0,10014,0.24464012772246985,0.023979258525442682,0.09801850067968315,0.9546338722874872,500,9,0.007401534480876443,0.85,0.9,12,0.5,3.0
optuna,30,validation,30.0,10182,0.24292622524049884,0.028491905374807294,0.11728624748768927,0.9406828496508797,500,9,0.007401534480876443,0.85,0.9,12,0.5,3.0
optuna,30,validation,45.0,10105,0.24047493207258544,0.03298340222584131,0.13715942007579207,0.9243710276484164,500,9,0.007401534480876443,0.85,0.9,12,0.5,3.0
optuna,30,validation,60.0,10084,0.24538690556167989,0.038613637610679756,0.1573581830794713,0.9079192869938801,500,9,0.007401534480876443,0.85,0.9,12,0.5,3.0
optuna,30,validation,90.0,9989,0.23830317805463633,0.04619849599040723,0.19386437213109758,0.885291211840698,500,9,0.007401534480876443,0.85,0.9,12,0.5,3.0
optuna,30,validation,120.0,9948,0.24625713515464295,0.052730536018420336,0.2141279520096218,0.8701652031043831,500,9,0.007401534480876443,0.85,0.9,12,0.5,3.0
optuna,31,validation,5.0,10033,0.24673761397355856,0.01639957455638192,0.06646564458607178,0.9682524968310183,1200,7,0.07678534505974526,0.65,0.95,7,0.01,8.0
optuna,31,validation,10.0,10226,0.24492056776600468,0.02079978357011726,0.08492460947579226,0.9456203922616676,1200,7,0.07678534505974526,0.65,0.95,7,0.01,8.0
optuna,31,validation,15.0,10050,0.24787172644001382,0.02148012273973762,0.08665822055722,0.9544313570537888,1200,7,0.07678534505974526,0.65,0.95,7,0.01,8.0
optuna,31,validation,20.0,10014,0.24464012772246985,0.02261742326506839,0.09245181269168791,0.9532857820564197,1200,7,0.07678534505974526,0.65,0.95,7,0.01,8.0
optuna,31,validation,30.0,10182,0.24292622524049884,0.026926147569128134,0.1108408429039353,0.9370003342581086,1200,7,0.07678534505974526,0.65,0.95,7,0.01,8.0
optuna,31,validation,45.0,10105,0.24047493207258544,0.031623551411303734,0.1315045653147681,0.9235597975555665,1200,7,0.07678534505974526,0.65,0.95,7,0.01,8.0
optuna,31,validation,60.0,10084,0.24538690556167989,0.03708915011865573,0.15114559610978545,0.9057684018333771,1200,7,0.07678534505974526,0.65,0.95,7,0.01,8.0
optuna,31,validation,90.0,9989,0.23830317805463633,0.04489660735703729,0.18840121111076302,0.8810522780093476,1200,7,0.07678534505974526,0.65,0.95,7,0.01,8.0
optuna,31,validation,120.0,9948,0.24625713515464295,0.05210857273814653,0.21160228598218575,0.8683572523531592,1200,7,0.07678534505974526,0.65,0.95,7,0.01,8.0
optuna,32,validation,5.0,10033,0.24673761397355856,0.014120756067957362,0.05722984769347166,0.9710855587351211,1200,10,0.008388620354541645,0.75,0.75,1,1.0,1.0
optuna,32,validation,10.0,10226,0.24492056776600468,0.018507663239251917,0.0755659820980572,0.9500336340825469,1200,10,0.008388620354541645,0.75,0.75,1,1.0,1.0
optuna,32,validation,15.0,10050,0.24787172644001382,0.01950834431176442,0.07870338659413637,0.9576730872400427,1200,10,0.008388620354541645,0.75,0.75,1,1.0,1.0
optuna,32,validation,20.0,10014,0.24464012772246985,0.02113451750902967,0.08639023248469509,0.954195345321788,1200,10,0.008388620354541645,0.75,0.75,1,1.0,1.0
optuna,32,validation,30.0,10182,0.24292622524049884,0.025810319406446205,0.1062475629417688,0.9395519203997831,1200,10,0.008388620354541645,0.75,0.75,1,1.0,1.0
optuna,32,validation,45.0,10105,0.24047493207258544,0.030392569360879335,0.12638560326822582,0.9250500799652992,1200,10,0.008388620354541645,0.75,0.75,1,1.0,1.0
optuna,32,validation,60.0,10084,0.24538690556167989,0.03598377952672222,0.14664099310579318,0.9093159092785437,1200,10,0.008388620354541645,0.75,0.75,1,1.0,1.0
optuna,32,validation,90.0,9989,0.23830317805463633,0.043671531229120465,0.1832603811062385,0.8860574741838385,1200,10,0.008388620354541645,0.75,0.75,1,1.0,1.0
optuna,32,validation,120.0,9948,0.24625713515464295,0.05078329800514998,0.20622061559052662,0.8721078964042628,1200,10,0.008388620354541645,0.75,0.75,1,1.0,1.0
optuna,33,validation,5.0,10033,0.24673761397355856,0.01442435382652805,0.058460295510816704,0.9722591200298468,1200,9,0.005145537723438116,0.7,0.75,12,1.0,1.0
optuna,33,validation,10.0,10226,0.24492056776600468,0.018654216570650813,0.07616435296064197,0.9520670310285796,1200,9,0.005145537723438116,0.7,0.75,12,1.0,1.0
optuna,33,validation,15.0,10050,0.24787172644001382,0.01941561560672319,0.07832928702911933,0.9600463255760922,1200,9,0.005145537723438116,0.7,0.75,12,1.0,1.0
optuna,33,validation,20.0,10014,0.24464012772246985,0.021157758172440626,0.08648523187677079,0.9553726632583968,1200,9,0.005145537723438116,0.7,0.75,12,1.0,1.0
optuna,33,validation,30.0,10182,0.24292622524049884,0.025713233334011352,0.10584791044505405,0.9416323956932644,1200,9,0.005145537723438116,0.7,0.75,12,1.0,1.0
optuna,33,validation,45.0,10105,0.24047493207258544,0.030385480658013,0.1263561253396732,0.9261291104578114,1200,9,0.005145537723438116,0.7,0.75,12,1.0,1.0
optuna,33,validation,60.0,10084,0.24538690556167989,0.03621582737367111,0.14758663381313955,0.9095107900116428,1200,9,0.005145537723438116,0.7,0.75,12,1.0,1.0
optuna,33,validation,90.0,9989,0.23830317805463633,0.04388565416911479,0.18415891272357696,0.8867429686094426,1200,9,0.005145537723438116,0.7,0.75,12,1.0,1.0
optuna,33,validation,120.0,9948,0.24625713515464295,0.05065119527682992,0.20568417335409314,0.8727536062046558,1200,9,0.005145537723438116,0.7,0.75,12,1.0,1.0
optuna,34,validation,5.0,10033,0.24673761397355856,0.014189048689225266,0.05750663006227265,0.971482465424578,1200,10,0.01414795300198177,0.8,0.8,7,0.05,15.0
optuna,34,validation,10.0,10226,0.24492056776600468,0.01858239178726423,0.07587109550153301,0.9507166404483308,1200,10,0.01414795300198177,0.8,0.8,7,0.05,15.0
optuna,34,validation,15.0,10050,0.24787172644001382,0.01969051342216656,0.07943831958959531,0.9579501347765756,1200,10,0.01414795300198177,0.8,0.8,7,0.05,15.0
optuna,34,validation,20.0,10014,0.24464012772246985,0.021098327123793927,0.08624229933254762,0.9553896813343181,1200,10,0.01414795300198177,0.8,0.8,7,0.05,15.0
optuna,34,validation,30.0,10182,0.24292622524049884,0.025705230225443854,0.105814965839919,0.9406350849283436,1200,10,0.01414795300198177,0.8,0.8,7,0.05,15.0
optuna,34,validation,45.0,10105,0.24047493207258544,0.030293561265029256,0.1259738842794865,0.9265357997587302,1200,10,0.01414795300198177,0.8,0.8,7,0.05,15.0
optuna,34,validation,60.0,10084,0.24538690556167989,0.03599383266384946,0.14668196162081734,0.9098433797839935,1200,10,0.01414795300198177,0.8,0.8,7,0.05,15.0
optuna,34,validation,90.0,9989,0.23830317805463633,0.04370048679378523,0.1833818883597344,0.8870236301411079,1200,10,0.01414795300198177,0.8,0.8,7,0.05,15.0
optuna,34,validation,120.0,9948,0.24625713515464295,0.0507057103303799,0.20590554786783358,0.8726328930299023,1200,10,0.01414795300198177,0.8,0.8,7,0.05,15.0
optuna,35,validation,5.0,10033,0.24673761397355856,0.01409967771048682,0.057144419464143,0.9716807626629685,1200,10,0.01237560546108492,0.75,0.85,7,0.05,15.0
optuna,35,validation,10.0,10226,0.24492056776600468,0.018536266722471134,0.07568276887297007,0.9510478803030312,1200,10,0.01237560546108492,0.75,0.85,7,0.05,15.0
optuna,35,validation,15.0,10050,0.24787172644001382,0.01943168194820219,0.07839410418963114,0.9585415889118243,1200,10,0.01237560546108492,0.75,0.85,7,0.05,15.0
optuna,35,validation,20.0,10014,0.24464012772246985,0.020911656414427545,0.08547925726294019,0.9556618325046584,1200,10,0.01237560546108492,0.75,0.85,7,0.05,15.0
optuna,35,validation,30.0,10182,0.24292622524049884,0.025564690326439432,0.10523643670472461,0.9411156510218278,1200,10,0.01237560546108492,0.75,0.85,7,0.05,15.0
optuna,35,validation,45.0,10105,0.24047493207258544,0.03027498321495483,0.12589662861747505,0.9265360185165888,1200,10,0.01237560546108492,0.75,0.85,7,0.05,15.0
optuna,35,validation,60.0,10084,0.24538690556167989,0.03582662473722175,0.146000556367163,0.9107392672256633,1200,10,0.01237560546108492,0.75,0.85,7,0.05,15.0
optuna,35,validation,90.0,9989,0.23830317805463633,0.043581285034996975,0.18288167783060363,0.8870578941053858,1200,10,0.01237560546108492,0.75,0.85,7,0.05,15.0
optuna,35,validation,120.0,9948,0.24625713515464295,0.050688832346280216,0.20583700981678754,0.8728510124313081,1200,10,0.01237560546108492,0.75,0.85,7,0.05,15.0
optuna,36,validation,5.0,10033,0.24673761397355856,0.014149166566092122,0.05734499227024383,0.9718970498285949,1200,10,0.01261692307152425,0.7,0.85,7,0.05,15.0
optuna,36,validation,10.0,10226,0.24492056776600468,0.018485337816336274,0.07547482836964935,0.9512478512615196,1200,10,0.01261692307152425,0.7,0.85,7,0.05,15.0
optuna,36,validation,15.0,10050,0.24787172644001382,0.019379570288435056,0.07818386778826511,0.9588618659930811,1200,10,0.01261692307152425,0.7,0.85,7,0.05,15.0
optuna,36,validation,20.0,10014,0.24464012772246985,0.02098368063587874,0.0857736661243225,0.9554672343592044,1200,10,0.01261692307152425,0.7,0.85,7,0.05,15.0
optuna,36,validation,30.0,10182,0.24292622524049884,0.025573462832464165,0.10527254851610295,0.9406951585050296,1200,10,0.01261692307152425,0.7,0.85,7,0.05,15.0
optuna,36,validation,45.0,10105,0.24047493207258544,0.030231484968485538,0.1257157438737124,0.9267290253259638,1200,10,0.01261692307152425,0.7,0.85,7,0.05,15.0
optuna,36,validation,60.0,10084,0.24538690556167989,0.03590968981418415,0.1463390629259065,0.9104998364864355,1200,10,0.01261692307152425,0.7,0.85,7,0.05,15.0
optuna,36,validation,90.0,9989,0.23830317805463633,0.04351939009092938,0.18262194590183597,0.8876400691763741,1200,10,0.01261692307152425,0.7,0.85,7,0.05,15.0
optuna,36,validation,120.0,9948,0.24625713515464295,0.050739516808768835,0.20604282908150362,0.872747999101757,1200,10,0.01261692307152425,0.7,0.85,7,0.05,15.0
optuna,37,validation,5.0,10033,0.24673761397355856,0.017224885144394395,0.06981053624941143,0.9712314816258206,300,10,0.01272548058789172,0.75,0.85,7,0.05,15.0
optuna,37,validation,10.0,10226,0.24492056776600468,0.021145887539018998,0.08633773689117699,0.9513796028476398,300,10,0.01272548058789172,0.75,0.85,7,0.05,15.0
optuna,37,validation,15.0,10050,0.24787172644001382,0.021829960373752257,0.08806958618184804,0.9590192792259901,300,10,0.01272548058789172,0.75,0.85,7,0.05,15.0
optuna,37,validation,20.0,10014,0.24464012772246985,0.023578901490910235,0.09638198651391787,0.9543698004218616,300,10,0.01272548058789172,0.75,0.85,7,0.05,15.0
optuna,37,validation,30.0,10182,0.24292622524049884,0.02800585721011535,0.11528544183481769,0.9409054213749399,300,10,0.01272548058789172,0.75,0.85,7,0.05,15.0
optuna,37,validation,45.0,10105,0.24047493207258544,0.03252563542296167,0.13525582538950076,0.9250735001991619,300,10,0.01272548058789172,0.75,0.85,7,0.05,15.0
optuna,37,validation,60.0,10084,0.24538690556167989,0.038120694958788934,0.1553493446259177,0.908824210077819,300,10,0.01272548058789172,0.75,0.85,7,0.05,15.0
optuna,37,validation,90.0,9989,0.23830317805463633,0.04577640733457973,0.19209314667253186,0.8854830533701578,300,10,0.01272548058789172,0.75,0.85,7,0.05,15.0
optuna,37,validation,120.0,9948,0.24625713515464295,0.05232552252792267,0.21248327483004148,0.870548874634751,300,10,0.01272548058789172,0.75,0.85,7,0.05,15.0
optuna,38,validation,5.0,10033,0.24673761397355856,0.014433081603377336,0.05849566821588883,0.9711484178929383,1200,10,0.02158359656170719,0.65,0.85,5,0.05,15.0
optuna,38,validation,10.0,10226,0.24492056776600468,0.018806170031304685,0.07678477231553686,0.9500405450403158,1200,10,0.02158359656170719,0.65,0.85,5,0.05,15.0
optuna,38,validation,15.0,10050,0.24787172644001382,0.019926258423205032,0.08038939619855065,0.9574376695941602,1200,10,0.02158359656170719,0.65,0.85,5,0.05,15.0
optuna,38,validation,20.0,10014,0.24464012772246985,0.02123576513399543,0.08680409600703848,0.9552973216589167,1200,10,0.02158359656170719,0.65,0.85,5,0.05,15.0
optuna,38,validation,30.0,10182,0.24292622524049884,0.026020612552122686,0.10711322964970982,0.9391443452901244,1200,10,0.02158359656170719,0.65,0.85,5,0.05,15.0
optuna,38,validation,45.0,10105,0.24047493207258544,0.03057733772106506,0.12715395096498264,0.9256217210511518,1200,10,0.02158359656170719,0.65,0.85,5,0.05,15.0
optuna,38,validation,60.0,10084,0.24538690556167989,0.03618337616351331,0.1474543887363963,0.9093154784142046,1200,10,0.02158359656170719,0.65,0.85,5,0.05,15.0
optuna,38,validation,90.0,9989,0.23830317805463633,0.04381422435864866,0.1838591692998877,0.8859069014162543,1200,10,0.02158359656170719,0.65,0.85,5,0.05,15.0
optuna,38,validation,120.0,9948,0.24625713515464295,0.05090299631024253,0.20670668599420194,0.8723627068422128,1200,10,0.02158359656170719,0.65,0.85,5,0.05,15.0
optuna,39,validation,5.0,10033,0.24673761397355856,0.014178707080076373,0.05746471667508231,0.9710596214174209,500,10,0.014808422482639945,0.75,0.75,2,0.05,10.0
optuna,39,validation,10.0,10226,0.24492056776600468,0.01857443216150464,0.07583859669658498,0.9499266685478167,500,10,0.014808422482639945,0.75,0.75,2,0.05,10.0
optuna,39,validation,15.0,10050,0.24787172644001382,0.019473279554057144,0.07856192327272055,0.9575030889283721,500,10,0.014808422482639945,0.75,0.75,2,0.05,10.0
optuna,39,validation,20.0,10014,0.24464012772246985,0.021178064380876115,0.08656823628256691,0.9539319958020078,500,10,0.014808422482639945,0.75,0.75,2,0.05,10.0
optuna,39,validation,30.0,10182,0.24292622524049884,0.025698800032500163,0.10578849610435495,0.9397522878117267,500,10,0.014808422482639945,0.75,0.75,2,0.05,10.0
optuna,39,validation,45.0,10105,0.24047493207258544,0.030392977946470254,0.12638730234591095,0.925013254570076,500,10,0.014808422482639945,0.75,0.75,2,0.05,10.0
optuna,39,validation,60.0,10084,0.24538690556167989,0.036076299459219356,0.14701803006416453,0.9095860207912251,500,10,0.014808422482639945,0.75,0.75,2,0.05,10.0
optuna,39,validation,90.0,9989,0.23830317805463633,0.04373151718678904,0.18351210228829853,0.8857055403148291,500,10,0.014808422482639945,0.75,0.75,2,0.05,10.0
optuna,39,validation,120.0,9948,0.24625713515464295,0.05050167456394419,0.2050770002348581,0.8726716330433801,500,10,0.014808422482639945,0.75,0.75,2,0.05,10.0
optuna,40,validation,5.0,10033,0.24673761397355856,0.014392796784594472,0.05833239834335459,0.9713322130477519,500,9,0.016536267124016686,0.7,0.85,2,0.05,10.0
optuna,40,validation,10.0,10226,0.24492056776600468,0.018687860190304606,0.07630171839287442,0.9503290128027336,500,9,0.016536267124016686,0.7,0.85,2,0.05,10.0
optuna,40,validation,15.0,10050,0.24787172644001382,0.019581907759024856,0.07900016690190671,0.9578404754485211,500,9,0.016536267124016686,0.7,0.85,2,0.05,10.0
optuna,40,validation,20.0,10014,0.24464012772246985,0.021126810114440953,0.08635872745459038,0.9543749397751639,500,9,0.016536267124016686,0.7,0.85,2,0.05,10.0
optuna,40,validation,30.0,10182,0.24292622524049884,0.025596744518241638,0.10536838701914815,0.9405556327575848,500,9,0.016536267124016686,0.7,0.85,2,0.05,10.0
optuna,40,validation,45.0,10105,0.24047493207258544,0.030429412323927502,0.12653881243115447,0.9251728420340832,500,9,0.016536267124016686,0.7,0.85,2,0.05,10.0
optuna,40,validation,60.0,10084,0.24538690556167989,0.03624318824909261,0.1476981347726503,0.9091594947617732,500,9,0.016536267124016686,0.7,0.85,2,0.05,10.0
optuna,40,validation,90.0,9989,0.23830317805463633,0.04390515103829,0.18424072812081324,0.8855845723767504,500,9,0.016536267124016686,0.7,0.85,2,0.05,10.0
optuna,40,validation,120.0,9948,0.24625713515464295,0.05061609197968735,0.2055416260239598,0.8724879594079603,500,9,0.016536267124016686,0.7,0.85,2,0.05,10.0
optuna,41,validation,5.0,10033,0.24673761397355856,0.01667008875858018,0.06756200844337669,0.9712410010143041,500,5,0.024374251596191058,0.75,0.8,2,0.05,10.0
optuna,41,validation,10.0,10226,0.24492056776600468,0.020773957009703956,0.08481916075562605,0.950556710024776,500,5,0.024374251596191058,0.75,0.8,2,0.05,10.0
optuna,41,validation,15.0,10050,0.24787172644001382,0.02137977394163887,0.08625337890972765,0.9585350632552874,500,5,0.024374251596191058,0.75,0.8,2,0.05,10.0
optuna,41,validation,20.0,10014,0.24464012772246985,0.022664992440908138,0.09264625820756711,0.9541258378524016,500,5,0.024374251596191058,0.75,0.8,2,0.05,10.0
optuna,41,validation,30.0,10182,0.24292622524049884,0.02676781941364299,0.11018908883609681,0.9409236697016929,500,5,0.024374251596191058,0.75,0.8,2,0.05,10.0
optuna,41,validation,45.0,10105,0.24047493207258544,0.031140859307685672,0.12949732032063138,0.923689412488507,500,5,0.024374251596191058,0.75,0.8,2,0.05,10.0
optuna,41,validation,60.0,10084,0.24538690556167989,0.037251032425538594,0.15180529841342844,0.9074240162115716,500,5,0.024374251596191058,0.75,0.8,2,0.05,10.0
optuna,41,validation,90.0,9989,0.23830317805463633,0.04487869804854738,0.18832605765021707,0.8840396483318357,500,5,0.024374251596191058,0.75,0.8,2,0.05,10.0
optuna,41,validation,120.0,9948,0.24625713515464295,0.0507532074218741,0.2060984238690279,0.8710542416545544,500,5,0.024374251596191058,0.75,0.8,2,0.05,10.0
optuna,42,validation,5.0,10033,0.24673761397355856,0.014461541458713482,0.058611012831887244,0.9709858065345839,500,10,0.0124731093422063,0.75,0.75,2,0.05,10.0
optuna,42,validation,10.0,10226,0.24492056776600468,0.018771114324202615,0.0766416413918181,0.9499927337183622,500,10,0.0124731093422063,0.75,0.75,2,0.05,10.0
optuna,42,validation,15.0,10050,0.24787172644001382,0.019655275272582314,0.07929615674556972,0.957518092312285,500,10,0.0124731093422063,0.75,0.75,2,0.05,10.0
optuna,42,validation,20.0,10014,0.24464012772246985,0.02135270158848049,0.08728208976698991,0.9534085801033202,500,10,0.0124731093422063,0.75,0.75,2,0.05,10.0
optuna,42,validation,30.0,10182,0.24292622524049884,0.025910806240838254,0.1066612145937984,0.9396993761324041,500,10,0.0124731093422063,0.75,0.75,2,0.05,10.0
optuna,42,validation,45.0,10105,0.24047493207258544,0.030524142189902296,0.12693274066790808,0.9247106198464156,500,10,0.0124731093422063,0.75,0.75,2,0.05,10.0
optuna,42,validation,60.0,10084,0.24538690556167989,0.03611502778140196,0.14717585560947616,0.9093051639412436,500,10,0.0124731093422063,0.75,0.75,2,0.05,10.0
optuna,42,validation,90.0,9989,0.23830317805463633,0.0439658703000525,0.18449552649261078,0.8850962029756986,500,10,0.0124731093422063,0.75,0.75,2,0.05,10.0
optuna,42,validation,120.0,9948,0.24625713515464295,0.05051388441065751,0.20512658193207733,0.8721649836967491,500,10,0.0124731093422063,0.75,0.75,2,0.05,10.0
optuna,43,validation,5.0,10033,0.24673761397355856,0.014376668773863257,0.05826703331663052,0.9715155896112991,500,10,0.019117954697149275,0.8,0.75,10,0.05,5.0
optuna,43,validation,10.0,10226,0.24492056776600468,0.018532335036504134,0.07566671597058272,0.9513477711405024,500,10,0.019117954697149275,0.8,0.75,10,0.05,5.0
optuna,43,validation,15.0,10050,0.24787172644001382,0.019525349778146926,0.0787719925082789,0.9590333992699598,500,10,0.019117954697149275,0.8,0.75,10,0.05,5.0
optuna,43,validation,20.0,10014,0.24464012772246985,0.02103153952055472,0.08596929586471518,0.9553833882660769,500,10,0.019117954697149275,0.8,0.75,10,0.05,5.0
optuna,43,validation,30.0,10182,0.24292622524049884,0.025848714154170914,0.1064056140031011,0.9405035037282843,500,10,0.019117954697149275,0.8,0.75,10,0.05,5.0
optuna,43,validation,45.0,10105,0.24047493207258544,0.030267514217363067,0.12586556925703615,0.9261954569013461,500,10,0.019117954697149275,0.8,0.75,10,0.05,5.0
optuna,43,validation,60.0,10084,0.24538690556167989,0.03601773368258365,0.14677936298247307,0.9100874836919576,500,10,0.019117954697149275,0.8,0.75,10,0.05,5.0
optuna,43,validation,90.0,9989,0.23830317805463633,0.043777337954669295,0.1837043815866877,0.886686648642075,500,10,0.019117954697149275,0.8,0.75,10,0.05,5.0
optuna,43,validation,120.0,9948,0.24625713515464295,0.05083756952819388,0.20644100117655162,0.8723787661565954,500,10,0.019117954697149275,0.8,0.75,10,0.05,5.0
optuna,44,validation,5.0,10033,0.24673761397355856,0.014159300893300827,0.0573860655668746,0.9721304033811113,800,10,0.014855303013156235,0.7,0.85,7,0.05,20.0
optuna,44,validation,10.0,10226,0.24492056776600468,0.018424554512199872,0.07522665278892607,0.9514843036085465,800,10,0.014855303013156235,0.7,0.85,7,0.05,20.0
optuna,44,validation,15.0,10050,0.24787172644001382,0.019170722334336872,0.07734130313961517,0.9595718013742404,800,10,0.014855303013156235,0.7,0.85,7,0.05,20.0
optuna,44,validation,20.0,10014,0.24464012772246985,0.020910124072581502,0.08547299360595019,0.9556280095828219,800,10,0.014855303013156235,0.7,0.85,7,0.05,20.0
optuna,44,validation,30.0,10182,0.24292622524049884,0.025484497022193207,0.10490632288450273,0.9414820421231053,800,10,0.014855303013156235,0.7,0.85,7,0.05,20.0
optuna,44,validation,45.0,10105,0.24047493207258544,0.030193271904186192,0.12555683723022154,0.9268672879545911,800,10,0.014855303013156235,0.7,0.85,7,0.05,20.0
optuna,44,validation,60.0,10084,0.24538690556167989,0.035917159919928346,0.14636950507899163,0.9104808200819896,800,10,0.014855303013156235,0.7,0.85,7,0.05,20.0
optuna,44,validation,90.0,9989,0.23830317805463633,0.043574548638272946,0.18285340965231486,0.8873228034135866,800,10,0.014855303013156235,0.7,0.85,7,0.05,20.0
optuna,44,validation,120.0,9948,0.24625713515464295,0.05049729447044309,0.2050592135685008,0.8732903868212727,800,10,0.014855303013156235,0.7,0.85,7,0.05,20.0
optuna,45,validation,5.0,10033,0.24673761397355856,0.01422410097740889,0.05764869307252523,0.9723409327326584,800,9,0.015721340653624596,0.7,0.85,7,0.05,20.0
optuna,45,validation,10.0,10226,0.24492056776600468,0.0185655948155821,0.07580251419847897,0.9514953321633263,800,9,0.015721340653624596,0.7,0.85,7,0.05,20.0
optuna,45,validation,15.0,10050,0.24787172644001382,0.019371813911711923,0.07815257589049793,0.959360137336742,800,9,0.015721340653624596,0.7,0.85,7,0.05,20.0
optuna,45,validation,20.0,10014,0.24464012772246985,0.020913432927863636,0.08548651900471832,0.9557524147930029,800,9,0.015721340653624596,0.7,0.85,7,0.05,20.0
optuna,45,validation,30.0,10182,0.24292622524049884,0.025362192939321432,0.10440286105056243,0.941796841518743,800,9,0.015721340653624596,0.7,0.85,7,0.05,20.0
optuna,45,validation,45.0,10105,0.24047493207258544,0.030188238303483463,0.12553590531578313,0.9265782056817196,800,9,0.015721340653624596,0.7,0.85,7,0.05,20.0
optuna,45,validation,60.0,10084,0.24538690556167989,0.03602899189263845,0.14682524240716785,0.9103090376555109,800,9,0.015721340653624596,0.7,0.85,7,0.05,20.0
optuna,45,validation,90.0,9989,0.23830317805463633,0.04372580436953018,0.18348812939248782,0.8870603831899145,800,9,0.015721340653624596,0.7,0.85,7,0.05,20.0
optuna,45,validation,120.0,9948,0.24625713515464295,0.050656022831356076,0.20570377706841037,0.8734465988390494,800,9,0.015721340653624596,0.7,0.85,7,0.05,20.0
optuna,46,validation,5.0,10033,0.24673761397355856,0.014534736491379346,0.05890766412670648,0.9713346673250634,800,9,0.0353486065180946,0.6,0.9,7,0.05,20.0
optuna,46,validation,10.0,10226,0.24492056776600468,0.01890760394556537,0.07719892256508877,0.9502369553151512,800,9,0.0353486065180946,0.6,0.9,7,0.05,20.0
optuna,46,validation,15.0,10050,0.24787172644001382,0.02008696962136522,0.08103776057825766,0.9568808364077708,800,9,0.0353486065180946,0.6,0.9,7,0.05,20.0
optuna,46,validation,20.0,10014,0.24464012772246985,0.021189199278085314,0.08661375169867162,0.954901229273416,800,9,0.0353486065180946,0.6,0.9,7,0.05,20.0
optuna,46,validation,30.0,10182,0.24292622524049884,0.026080689816179774,0.1073605362712885,0.93973636958226,800,9,0.0353486065180946,0.6,0.9,7,0.05,20.0
optuna,46,validation,45.0,10105,0.24047493207258544,0.030602942347188068,0.12726042620505165,0.9253690542848523,800,9,0.0353486065180946,0.6,0.9,7,0.05,20.0
optuna,46,validation,60.0,10084,0.24538690556167989,0.03625310615563123,0.1477385521963752,0.9094628807396684,800,9,0.0353486065180946,0.6,0.9,7,0.05,20.0
optuna,46,validation,90.0,9989,0.23830317805463633,0.043914304849433906,0.18427914058017963,0.8863210961891381,800,9,0.0353486065180946,0.6,0.9,7,0.05,20.0
optuna,46,validation,120.0,9948,0.24625713515464295,0.051011724604116196,0.2071482094197278,0.8718561800509564,800,9,0.0353486065180946,0.6,0.9,7,0.05,20.0
optuna,47,validation,5.0,10033,0.24673761397355856,0.014277800918960271,0.05786633293977764,0.9721242955718808,800,9,0.01539940091945383,0.65,0.85,7,0.05,20.0
optuna,47,validation,10.0,10226,0.24492056776600468,0.018575456315153067,0.07584277827127986,0.9515313641384765,800,9,0.01539940091945383,0.65,0.85,7,0.05,20.0
optuna,47,validation,15.0,10050,0.24787172644001382,0.019453371636137983,0.07848160786843833,0.9590524253762746,800,9,0.01539940091945383,0.65,0.85,7,0.05,20.0
optuna,47,validation,20.0,10014,0.24464012772246985,0.021002770681943,0.0858516992999997,0.9553641836206647,800,9,0.01539940091945383,0.65,0.85,7,0.05,20.0
optuna,47,validation,30.0,10182,0.24292622524049884,0.025441536814645394,0.1047294782169281,0.9416247973259447,800,9,0.01539940091945383,0.65,0.85,7,0.05,20.0
optuna,47,validation,45.0,10105,0.24047493207258544,0.030190611529761303,0.12554577422917623,0.9266696582949503,800,9,0.01539940091945383,0.65,0.85,7,0.05,20.0
optuna,47,validation,60.0,10084,0.24538690556167989,0.035978784991169875,0.14662063938911496,0.9105038401478972,800,9,0.01539940091945383,0.65,0.85,7,0.05,20.0
optuna,47,validation,90.0,9989,0.23830317805463633,0.04370523877191534,0.18340182925254542,0.8871709549154871,800,9,0.01539940091945383,0.65,0.85,7,0.05,20.0
optuna,47,validation,120.0,9948,0.24625713515464295,0.05043022265909883,0.2047868486223962,0.8738733870659043,800,9,0.01539940091945383,0.65,0.85,7,0.05,20.0
optuna,48,validation,5.0,10033,0.24673761397355856,0.014405781477641589,0.05838502385447147,0.9718913560631878,800,8,0.020059590750362156,0.7,0.85,7,0.05,20.0
optuna,48,validation,10.0,10226,0.24492056776600468,0.018829276101223362,0.07687911339162301,0.9509254547620551,800,8,0.020059590750362156,0.7,0.85,7,0.05,20.0
optuna,48,validation,15.0,10050,0.24787172644001382,0.019609210760021964,0.07911031662083287,0.9588559182703601,800,8,0.020059590750362156,0.7,0.85,7,0.05,20.0
optuna,48,validation,20.0,10014,0.24464012772246985,0.0210008080943212,0.08584367695452402,0.9556419801947897,800,8,0.020059590750362156,0.7,0.85,7,0.05,20.0
optuna,48,validation,30.0,10182,0.24292622524049884,0.025468827280113713,0.10484181876575646,0.9418001098205669,800,8,0.020059590750362156,0.7,0.85,7,0.05,20.0
optuna,48,validation,45.0,10105,0.24047493207258544,0.03035047114340164,0.12621054045766647,0.9264063740313931,800,8,0.020059590750362156,0.7,0.85,7,0.05,20.0
optuna,48,validation,60.0,10084,0.24538690556167989,0.036287744181204014,0.14787970897690306,0.9102510179906609,800,8,0.020059590750362156,0.7,0.85,7,0.05,20.0
optuna,48,validation,90.0,9989,0.23830317805463633,0.043959963281728534,0.1844707386640464,0.8868718547602892,800,8,0.020059590750362156,0.7,0.85,7,0.05,20.0
optuna,48,validation,120.0,9948,0.24625713515464295,0.050595584819816054,0.205458350630301,0.8739188051696067,800,8,0.020059590750362156,0.7,0.85,7,0.05,20.0
optuna,49,validation,5.0,10033,0.24673761397355856,0.014324844478017348,0.058056995231997574,0.9715838966752165,800,9,0.011419914538216785,0.65,0.9,3,0.1,20.0
optuna,49,validation,10.0,10226,0.24492056776600468,0.018663516284460613,0.07620232328667309,0.9506719271330054,800,9,0.011419914538216785,0.65,0.9,3,0.1,20.0
optuna,49,validation,15.0,10050,0.24787172644001382,0.01940203984777169,0.07827451773716951,0.9587205585774494,800,9,0.011419914538216785,0.65,0.9,3,0.1,20.0
optuna,49,validation,20.0,10014,0.24464012772246985,0.02106087287402565,0.08608919996116908,0.9547097048217843,800,9,0.011419914538216785,0.65,0.9,3,0.1,20.0
optuna,49,validation,30.0,10182,0.24292622524049884,0.025548907782303665,0.1051714682390098,0.9408705837832667,800,9,0.011419914538216785,0.65,0.9,3,0.1,20.0
optuna,49,validation,45.0,10105,0.24047493207258544,0.03039124683698297,0.1263801036351249,0.925624073235229,800,9,0.011419914538216785,0.65,0.9,3,0.1,20.0
optuna,49,validation,60.0,10084,0.24538690556167989,0.036118716967006935,0.14719088976786587,0.909728730337296,800,9,0.011419914538216785,0.65,0.9,3,0.1,20.0
optuna,49,validation,90.0,9989,0.23830317805463633,0.04382180106734988,0.18389096370885477,0.8859408455433114,800,9,0.011419914538216785,0.65,0.9,3,0.1,20.0
optuna,49,validation,120.0,9948,0.24625713515464295,0.05038206274607763,0.20459128103816782,0.8734015757432612,800,9,0.011419914538216785,0.65,0.9,3,0.1,20.0
optuna,50,validation,5.0,10033,0.24673761397355856,0.01409625284881974,0.05713053888220851,0.9721146458616367,800,10,0.013458906651429067,0.7,0.85,7,0.05,20.0
optuna,50,validation,10.0,10226,0.24492056776600468,0.0183503743317489,0.07492377834629516,0.951713527424206,800,10,0.013458906651429067,0.7,0.85,7,0.05,20.0
optuna,50,validation,15.0,10050,0.24787172644001382,0.019257061443461353,0.07768962487184539,0.9595308936068735,800,10,0.013458906651429067,0.7,0.85,7,0.05,20.0
optuna,50,validation,20.0,10014,0.24464012772246985,0.02090205325185896,0.08544000302179018,0.955516089962784,800,10,0.013458906651429067,0.7,0.85,7,0.05,20.0
optuna,50,validation,30.0,10182,0.24292622524049884,0.025468766607468066,0.1048415690082608,0.9415922826436289,800,10,0.013458906651429067,0.7,0.85,7,0.05,20.0
optuna,50,validation,45.0,10105,0.24047493207258544,0.030179000072619765,0.12549748870917854,0.9269464802603467,800,10,0.013458906651429067,0.7,0.85,7,0.05,20.0
optuna,50,validation,60.0,10084,0.24538690556167989,0.0359425299399279,0.1464728929103084,0.9107331982954504,800,10,0.013458906651429067,0.7,0.85,7,0.05,20.0
optuna,50,validation,90.0,9989,0.23830317805463633,0.04359649752733903,0.18294551454678276,0.8875182931456266,800,10,0.013458906651429067,0.7,0.85,7,0.05,20.0
optuna,50,validation,120.0,9948,0.24625713515464295,0.0506014838439276,0.2054823053640708,0.8731007822803806,800,10,0.013458906651429067,0.7,0.85,7,0.05,20.0
optuna,51,validation,5.0,10033,0.24673761397355856,0.014109990254883045,0.05718621505513598,0.9724072863439908,800,10,0.013566198366286853,0.6,0.8,7,0.01,15.0
optuna,51,validation,10.0,10226,0.24492056776600468,0.018552724318514298,0.0757499645200865,0.9512870058449946,800,10,0.013566198366286853,0.6,0.8,7,0.01,15.0
optuna,51,validation,15.0,10050,0.24787172644001382,0.019319091790980094,0.07793987667913956,0.959080910398834,800,10,0.013566198366286853,0.6,0.8,7,0.01,15.0
optuna,51,validation,20.0,10014,0.24464012772246985,0.020926544205948118,0.08554011314810986,0.9554874682128057,800,10,0.013566198366286853,0.6,0.8,7,0.01,15.0
optuna,51,validation,30.0,10182,0.24292622524049884,0.025581370202962275,0.10530509901776361,0.9411681562095284,800,10,0.013566198366286853,0.6,0.8,7,0.01,15.0
optuna,51,validation,45.0,10105,0.24047493207258544,0.030217876243366457,0.12565915283945453,0.9267365914698931,800,10,0.013566198366286853,0.6,0.8,7,0.01,15.0
optuna,51,validation,60.0,10084,0.24538690556167989,0.03590859525630751,0.14633460238684826,0.9103867555539916,800,10,0.013566198366286853,0.6,0.8,7,0.01,15.0
optuna,51,validation,90.0,9989,0.23830317805463633,0.04355946586697842,0.18279011728912586,0.8873994697506922,800,10,0.013566198366286853,0.6,0.8,7,0.01,15.0
optuna,51,validation,120.0,9948,0.24625713515464295,0.050369882158616895,0.20454181815680567,0.8735686577042502,800,10,0.013566198366286853,0.6,0.8,7,0.01,15.0
optuna,52,validation,5.0,10033,0.24673761397355856,0.014148598604899348,0.0573426903869451,0.9722867558770134,800,10,0.012322475437137959,0.6,0.8,7,0.01,15.0
optuna,52,validation,10.0,10226,0.24492056776600468,0.01850060877625073,0.07553717903318792,0.9512987460518217,800,10,0.012322475437137959,0.6,0.8,7,0.01,15.0
optuna,52,validation,15.0,10050,0.24787172644001382,0.01934868414550662,0.0780592624394743,0.9593179148216169,800,10,0.012322475437137959,0.6,0.8,7,0.01,15.0
optuna,52,validation,20.0,10014,0.24464012772246985,0.020941399957713352,0.08560083806639508,0.9556489277353387,800,10,0.012322475437137959,0.6,0.8,7,0.01,15.0
optuna,52,validation,30.0,10182,0.24292622524049884,0.025506085017690524,0.10499518935199073,0.9414297445441252,800,10,0.012322475437137959,0.6,0.8,7,0.01,15.0
optuna,52,validation,45.0,10105,0.24047493207258544,0.030241421383909336,0.12575706383724522,0.9264704443212086,800,10,0.012322475437137959,0.6,0.8,7,0.01,15.0
optuna,52,validation,60.0,10084,0.24538690556167989,0.03593556704682565,0.14644451774869857,0.9105121430667744,800,10,0.012322475437137959,0.6,0.8,7,0.01,15.0
optuna,52,validation,90.0,9989,0.23830317805463633,0.04364936743467728,0.18316737439678496,0.8870897444765081,800,10,0.012322475437137959,0.6,0.8,7,0.01,15.0
optuna,52,validation,120.0,9948,0.24625713515464295,0.05035313031962517,0.20447379235531485,0.8736297288189544,800,10,0.012322475437137959,0.6,0.8,7,0.01,15.0
optuna,53,validation,5.0,10033,0.24673761397355856,0.01410926761018575,0.05718328625686458,0.972355601059717,800,10,0.013387836038795686,0.6,0.8,7,0.01,15.0
optuna,53,validation,10.0,10226,0.24492056776600468,0.018443340583578348,0.07530335549931838,0.9513452820520636,800,10,0.013387836038795686,0.6,0.8,7,0.01,15.0
optuna,53,validation,15.0,10050,0.24787172644001382,0.01924326963135559,0.0776339839469854,0.9592045781334216,800,10,0.013387836038795686,0.6,0.8,7,0.01,15.0
optuna,53,validation,20.0,10014,0.24464012772246985,0.020901807272277098,0.08543899754658808,0.9556465422427673,800,10,0.013387836038795686,0.6,0.8,7,0.01,15.0
optuna,53,validation,30.0,10182,0.24292622524049884,0.02552676354441243,0.10508031201300204,0.941318361774311,800,10,0.013387836038795686,0.6,0.8,7,0.01,15.0
optuna,53,validation,45.0,10105,0.24047493207258544,0.030157154094569507,0.12540664357258996,0.9268498120091988,800,10,0.013387836038795686,0.6,0.8,7,0.01,15.0
optuna,53,validation,60.0,10084,0.24538690556167989,0.03587394947882508,0.14619341401576086,0.9105416573351155,800,10,0.013387836038795686,0.6,0.8,7,0.01,15.0
optuna,53,validation,90.0,9989,0.23830317805463633,0.04354523727022636,0.18273040932858498,0.8874698801204776,800,10,0.013387836038795686,0.6,0.8,7,0.01,15.0
optuna,53,validation,120.0,9948,0.24625713515464295,0.05043521492219603,0.204807121184627,0.8736996258727749,800,10,0.013387836038795686,0.6,0.8,7,0.01,15.0
optuna,54,validation,5.0,10033,0.24673761397355856,0.014486349251285634,0.05871155604527347,0.9713644279266207,800,10,0.013709444906796476,0.6,0.8,7,0.01,2.0
optuna,54,validation,10.0,10226,0.24492056776600468,0.018595175377201116,0.07592329034189897,0.9508170661185259,800,10,0.013709444906796476,0.6,0.8,7,0.01,2.0
optuna,54,validation,15.0,10050,0.24787172644001382,0.019519399311368413,0.07874798627382863,0.9588143514464653,800,10,0.013709444906796476,0.6,0.8,7,0.01,2.0
optuna,54,validation,20.0,10014,0.24464012772246985,0.021047109898702374,0.08603294191613205,0.9551198009632543,800,10,0.013709444906796476,0.6,0.8,7,0.01,2.0
optuna,54,validation,30.0,10182,0.24292622524049884,0.02561139760214768,0.10542870608882264,0.9407471441507083,800,10,0.013709444906796476,0.6,0.8,7,0.01,2.0
optuna,54,validation,45.0,10105,0.24047493207258544,0.03030612746077928,0.12602614002041435,0.9257773375329129,800,10,0.013709444906796476,0.6,0.8,7,0.01,2.0
optuna,54,validation,60.0,10084,0.24538690556167989,0.036009462510047385,0.1467456563243393,0.9098150709287552,800,10,0.013709444906796476,0.6,0.8,7,0.01,2.0
optuna,54,validation,90.0,9989,0.23830317805463633,0.04371221024368751,0.1834310838845192,0.8860651551528209,800,10,0.013709444906796476,0.6,0.8,7,0.01,2.0
optuna,54,validation,120.0,9948,0.24625713515464295,0.05100693866199732,0.2071287746849094,0.8714200446009204,800,10,0.013709444906796476,0.6,0.8,7,0.01,2.0
optuna,55,validation,5.0,10033,0.24673761397355856,0.014289226504205901,0.05791263956105693,0.9717132839185166,800,10,0.018229188149805654,0.6,0.8,5,0.01,15.0
optuna,55,validation,10.0,10226,0.24492056776600468,0.018581904293639397,0.07586910508631685,0.9510448375956835,800,10,0.018229188149805654,0.6,0.8,5,0.01,15.0
optuna,55,validation,15.0,10050,0.24787172644001382,0.019477891287025033,0.07858052859344077,0.9588716789220114,800,10,0.018229188149805654,0.6,0.8,5,0.01,15.0
optuna,55,validation,20.0,10014,0.24464012772246985,0.021064902417282115,0.0861056712706553,0.955324361711208,800,10,0.018229188149805654,0.6,0.8,5,0.01,15.0
optuna,55,validation,30.0,10182,0.24292622524049884,0.02572574103357775,0.10589939809137144,0.940331618851849,800,10,0.018229188149805654,0.6,0.8,5,0.01,15.0
optuna,55,validation,45.0,10105,0.24047493207258544,0.030396455733240405,0.12640176450518958,0.9262229026338018,800,10,0.018229188149805654,0.6,0.8,5,0.01,15.0
optuna,55,validation,60.0,10084,0.24538690556167989,0.03591348723703564,0.14635453817240673,0.9104644579502044,800,10,0.018229188149805654,0.6,0.8,5,0.01,15.0
optuna,55,validation,90.0,9989,0.23830317805463633,0.04368037729319396,0.18329750215575916,0.8867871852160513,800,10,0.018229188149805654,0.6,0.8,5,0.01,15.0
optuna,55,validation,120.0,9948,0.24625713515464295,0.05049435450671376,0.2050472749754221,0.8736871513682714,800,10,0.018229188149805654,0.6,0.8,5,0.01,15.0
optuna,56,validation,5.0,10033,0.24673761397355856,0.01442966098189141,0.05848180481893512,0.9718192142191258,800,10,0.009544980318142954,0.6,0.8,7,0.01,3.0
optuna,56,validation,10.0,10226,0.24492056776600468,0.018697599756455137,0.0763414846168358,0.9511642742417561,800,10,0.009544980318142954,0.6,0.8,7,0.01,3.0
optuna,56,validation,15.0,10050,0.24787172644001382,0.019497651529760556,0.07866024822512012,0.9590073671101487,800,10,0.009544980318142954,0.6,0.8,7,0.01,3.0
optuna,56,validation,20.0,10014,0.24464012772246985,0.021122829052843888,0.08634245432052146,0.9549819725999263,800,10,0.009544980318142954,0.6,0.8,7,0.01,3.0
optuna,56,validation,30.0,10182,0.24292622524049884,0.02573794726328812,0.10594964474423194,0.9408621050139556,800,10,0.009544980318142954,0.6,0.8,7,0.01,3.0
optuna,56,validation,45.0,10105,0.24047493207258544,0.03028557615086019,0.12594067868046524,0.9263159067521812,800,10,0.009544980318142954,0.6,0.8,7,0.01,3.0
optuna,56,validation,60.0,10084,0.24538690556167989,0.03600931735191919,0.14674506477635976,0.9102913435188248,800,10,0.009544980318142954,0.6,0.8,7,0.01,3.0
optuna,56,validation,90.0,9989,0.23830317805463633,0.043766052283743855,0.1836570231292069,0.8864841170413602,800,10,0.009544980318142954,0.6,0.8,7,0.01,3.0
optuna,56,validation,120.0,9948,0.24625713515464295,0.05058888452284662,0.2054311420908805,0.8718702196363408,800,10,0.009544980318142954,0.6,0.8,7,0.01,3.0
optuna,57,validation,5.0,10033,0.24673761397355856,0.014335114372174365,0.058098617966333164,0.9723577823310459,800,9,0.010855631146747884,0.6,0.8,10,0.01,20.0
optuna,57,validation,10.0,10226,0.24492056776600468,0.018577638095823357,0.07585168638663412,0.951900720728189,800,9,0.010855631146747884,0.6,0.8,10,0.01,20.0
optuna,57,validation,15.0,10050,0.24787172644001382,0.019331841412587165,0.07799131304822524,0.959780173482795,800,9,0.010855631146747884,0.6,0.8,10,0.01,20.0
optuna,57,validation,20.0,10014,0.24464012772246985,0.021002665545353627,0.08585126953980314,0.9556484646616006,800,9,0.010855631146747884,0.6,0.8,10,0.01,20.0
optuna,57,validation,30.0,10182,0.24292622524049884,0.025502456884171378,0.10498025422707552,0.9418527663845379,800,9,0.010855631146747884,0.6,0.8,10,0.01,20.0
optuna,57,validation,45.0,10105,0.24047493207258544,0.030195092358867342,0.12556440747742137,0.92665699080585,800,9,0.010855631146747884,0.6,0.8,10,0.01,20.0
optuna,57,validation,60.0,10084,0.24538690556167989,0.03613780546506699,0.1472686791593428,0.9098395815488428,800,9,0.010855631146747884,0.6,0.8,10,0.01,20.0
optuna,57,validation,90.0,9989,0.23830317805463633,0.04376284035264635,0.18364354478987577,0.887166066907501,800,9,0.010855631146747884,0.6,0.8,10,0.01,20.0
optuna,57,validation,120.0,9948,0.24625713515464295,0.05050955782939627,0.20510901256801192,0.8732988674859614,800,9,0.010855631146747884,0.6,0.8,10,0.01,20.0
optuna,58,validation,5.0,10033,0.24673761397355856,0.014166883114983401,0.057416795464762756,0.9719341798571539,800,10,0.0221602630188105,0.65,0.8,7,0.01,15.0
optuna,58,validation,10.0,10226,0.24492056776600468,0.018571146796328777,0.07582518269380918,0.9511030758475013,800,10,0.0221602630188105,0.65,0.8,7,0.01,15.0
optuna,58,validation,15.0,10050,0.24787172644001382,0.019732716908040362,0.0796085830015622,0.9581806590676655,800,10,0.0221602630188105,0.65,0.8,7,0.01,15.0
optuna,58,validation,20.0,10014,0.24464012772246985,0.021095593207086236,0.08623112407388037,0.9553739814308269,800,10,0.0221602630188105,0.65,0.8,7,0.01,15.0
optuna,58,validation,30.0,10182,0.24292622524049884,0.025640146437431864,0.10554704998214137,0.940758863374448,800,10,0.0221602630188105,0.65,0.8,7,0.01,15.0
optuna,58,validation,45.0,10105,0.24047493207258544,0.03026314254233005,0.12584738991919275,0.9266833381669415,800,10,0.0221602630188105,0.65,0.8,7,0.01,15.0
optuna,58,validation,60.0,10084,0.24538690556167989,0.03590712084976316,0.14632859388961011,0.9100869317373025,800,10,0.0221602630188105,0.65,0.8,7,0.01,15.0
optuna,58,validation,90.0,9989,0.23830317805463633,0.04377586153578049,0.18369818603822352,0.8863384346285127,800,10,0.0221602630188105,0.65,0.8,7,0.01,15.0
optuna,58,validation,120.0,9948,0.24625713515464295,0.05081307126122371,0.20634151871097847,0.8726088957240707,800,10,0.0221602630188105,0.65,0.8,7,0.01,15.0
optuna,59,validation,5.0,10033,0.24673761397355856,0.014712609898347781,0.05962856518473283,0.9704672293412561,800,9,0.029364107572542892,0.6,0.8,3,0.01,5.0
optuna,59,validation,10.0,10226,0.24492056776600468,0.01901884584558152,0.077653118392866,0.949625263765206,800,9,0.029364107572542892,0.6,0.8,3,0.01,5.0
optuna,59,validation,15.0,10050,0.24787172644001382,0.020148910027608265,0.08128764953143779,0.9566713548835419,800,9,0.029364107572542892,0.6,0.8,3,0.01,5.0
optuna,59,validation,20.0,10014,0.24464012772246985,0.021311778841943546,0.08711481244042078,0.9544269640242227,800,9,0.029364107572542892,0.6,0.8,3,0.01,5.0
optuna,59,validation,30.0,10182,0.24292622524049884,0.026129133717320622,0.10755995443247257,0.938818317995842,800,9,0.029364107572542892,0.6,0.8,3,0.01,5.0
optuna,59,validation,45.0,10105,0.24047493207258544,0.03057362433795581,0.12713850909302848,0.9253209953490199,800,9,0.029364107572542892,0.6,0.8,3,0.01,5.0
optuna,59,validation,60.0,10084,0.24538690556167989,0.036213184813914154,0.14757586486134522,0.9089931918784492,800,9,0.029364107572542892,0.6,0.8,3,0.01,5.0
optuna,59,validation,90.0,9989,0.23830317805463633,0.0441184410199503,0.18513576436582463,0.8840728436553599,800,9,0.029364107572542892,0.6,0.8,3,0.01,5.0
optuna,59,validation,120.0,9948,0.24625713515464295,0.051447765125533625,0.20891888104369358,0.8700500303785226,800,9,0.029364107572542892,0.6,0.8,3,0.01,5.0
optuna,60,validation,5.0,10033,0.24673761397355856,0.018113448891594646,0.07341178590442136,0.970563754073643,800,4,0.013477711580413752,0.65,0.75,7,0.01,0.5
optuna,60,validation,10.0,10226,0.24492056776600468,0.021905453958064043,0.08943901346412178,0.9503001544819072,800,4,0.013477711580413752,0.65,0.75,7,0.01,0.5
optuna,60,validation,15.0,10050,0.24787172644001382,0.022419363816817427,0.09044744287220279,0.9583152178515084,800,4,0.013477711580413752,0.65,0.75,7,0.01,0.5
optuna,60,validation,20.0,10014,0.24464012772246985,0.023561913993352585,0.09631254779298604,0.9538564566891908,800,4,0.013477711580413752,0.65,0.75,7,0.01,0.5
optuna,60,validation,30.0,10182,0.24292622524049884,0.027504150726055977,0.11322017908452106,0.9406941511679467,800,4,0.013477711580413752,0.65,0.75,7,0.01,0.5
optuna,60,validation,45.0,10105,0.24047493207258544,0.03143647989081671,0.13072664006960966,0.9233184922288499,800,4,0.013477711580413752,0.65,0.75,7,0.01,0.5
optuna,60,validation,60.0,10084,0.24538690556167989,0.03733724744921455,0.15215664162580814,0.9067436967337255,800,4,0.013477711580413752,0.65,0.75,7,0.01,0.5
optuna,60,validation,90.0,9989,0.23830317805463633,0.04454044008297734,0.18690661386297353,0.8842808274594856,800,4,0.013477711580413752,0.65,0.75,7,0.01,0.5
optuna,60,validation,120.0,9948,0.24625713515464295,0.05033481747639241,0.20439942763397892,0.8687956914789665,800,4,0.013477711580413752,0.65,0.75,7,0.01,0.5
baseline,0,test,5.0,15809,0.24455109794709118,0.013905835013395176,0.05686269712190666,0.9793667507151698,500,5,0.04,0.85,0.85,1,0.0,1.0
baseline,0,test,10.0,15992,0.24536802342201067,0.015858397784842892,0.06463106954066256,0.9732983491549905,500,5,0.04,0.85,0.85,1,0.0,1.0
baseline,0,test,15.0,15979,0.2448677131593151,0.016954803188203447,0.06924066455904035,0.9708837975419812,500,5,0.04,0.85,0.85,1,0.0,1.0
baseline,0,test,20.0,16042,0.24382847982476244,0.018582451976457016,0.07621116282155421,0.9653041325541748,500,5,0.04,0.85,0.85,1,0.0,1.0
baseline,0,test,30.0,15984,0.244485234607997,0.021290705842031882,0.08708381050564871,0.9607826180963572,500,5,0.04,0.85,0.85,1,0.0,1.0
baseline,0,test,45.0,16012,0.24211621182388135,0.02449684397854638,0.10117804088379559,0.954619780996739,500,5,0.04,0.85,0.85,1,0.0,1.0
baseline,0,test,60.0,15839,0.24330955020490083,0.02965574878168512,0.12188485308821956,0.9379229035760703,500,5,0.04,0.85,0.85,1,0.0,1.0
baseline,0,test,90.0,16030,0.2459029817494345,0.03849976625748792,0.15656486140829992,0.9103753930779896,500,5,0.04,0.85,0.85,1,0.0,1.0
baseline,0,test,120.0,16077,0.2431277879594863,0.043434206638130954,0.17864764452744755,0.8894138654236318,500,5,0.04,0.85,0.85,1,0.0,1.0
optuna_best,53,test,5.0,15809,0.24455109794709118,0.012018286887042423,0.049144276954514385,0.9800695208754523,800,10,0.013387836038795686,0.6,0.8,7,0.01,15.0
optuna_best,53,test,10.0,15992,0.24536802342201067,0.013972731092435953,0.056946014796737096,0.9744088104947924,800,10,0.013387836038795686,0.6,0.8,7,0.01,15.0
optuna_best,53,test,15.0,15979,0.2448677131593151,0.015121870043352269,0.06175526306938523,0.9721777706548578,800,10,0.013387836038795686,0.6,0.8,7,0.01,15.0
optuna_best,53,test,20.0,16042,0.24382847982476244,0.01713111443583391,0.07025887397627177,0.9660102342083335,800,10,0.013387836038795686,0.6,0.8,7,0.01,15.0
optuna_best,53,test,30.0,15984,0.244485234607997,0.020165171438888015,0.08248011979627509,0.9620271614698195,800,10,0.013387836038795686,0.6,0.8,7,0.01,15.0
optuna_best,53,test,45.0,16012,0.24211621182388135,0.023793530569486604,0.09827318208164575,0.9556176908742416,800,10,0.013387836038795686,0.6,0.8,7,0.01,15.0
optuna_best,53,test,60.0,15839,0.24330955020490083,0.028956975144603478,0.11901289990556324,0.9391065957655239,800,10,0.013387836038795686,0.6,0.8,7,0.01,15.0
optuna_best,53,test,90.0,16030,0.2459029817494345,0.0376674469922129,0.15318011487389996,0.9122498095821883,800,10,0.013387836038795686,0.6,0.8,7,0.01,15.0
optuna_best,53,test,120.0,16077,0.2431277879594863,0.042886387635773876,0.17639443025295104,0.8942783259448027,800,10,0.013387836038795686,0.6,0.8,7,0.01,15.0
